TERRYR,year_,Count,InABS
ANNI71,1971,3163,TRUE
ANNN71,1971,2901,TRUE
BEND71,1971,4489,TRUE
BIGL71,1971,4170,TRUE
CABS71,1971,3813,TRUE
COPS71,1971,10656,TRUE
ECUL71,1971,3443,TRUE
FIRE71,1971,1783,TRUE
OBEN71,1971,1648,TRUE
PLAZ71,1971,3095,TRUE
PLOT71,1971,2216,TRUE
POWL71,1971,3401,TRUE
ROSE71,1971,6681,TRUE
SFLC71,1971,2381,TRUE
SFLN71,1971,3165,TRUE
SFLS71,1971,2019,TRUE
SIXS71,1971,5151,TRUE
SORR71,1971,3499,TRUE
XRDS71,1971,7043,TRUE
ANNI72,1972,3054,TRUE
ANNN72,1972,2944,TRUE
BEND72,1972,2820,TRUE
BIGL72,1972,3994,TRUE
CABB72,1972,1556,TRUE
CABE72,1972,1507,TRUE
CABS72,1972,3155,TRUE
COPS72,1972,5098,TRUE
ECUL72,1972,3140,TRUE
ELIN72,1972,8396,TRUE
FIRE72,1972,3364,TRUE
NWXR72,1972,2637,TRUE
OBEN72,1972,1889,TRUE
PLAZ72,1972,2096,TRUE
PLOT72,1972,2583,TRUE
POWL72,1972,2915,TRUE
ROSE72,1972,4117,TRUE
SAND72,1972,1122,TRUE
SCOP72,1972,3888,TRUE
SFLC72,1972,1847,TRUE
SFLN72,1972,4620,TRUE
SFLS72,1972,2393,TRUE
SIXS72,1972,4925,TRUE
SORA72,1972,3194,TRUE
SORR72,1972,2658,TRUE
WCUL72,1972,4500,TRUE
XRDS72,1972,5630,TRUE
ANNI73,1973,3278,TRUE
BEND73,1973,3295,TRUE
BIGL73,1973,3680,TRUE
CABE73,1973,2549,TRUE
CABS73,1973,5557,TRUE
COPS73,1973,6543,TRUE
ECUL73,1973,3187,TRUE
ELIN73,1973,8222,TRUE
FIRE73,1973,3252,TRUE
NWES73,1973,6654,FALSE
NWXR73,1973,4070,TRUE
PLAZ73,1973,1759,TRUE
PLOT73,1973,1915,TRUE
POWL73,1973,2698,TRUE
ROSE73,1973,4832,TRUE
SAND73,1973,2628,TRUE
SCOP73,1973,2682,TRUE
SFLA73,1973,4300,TRUE
SIXS73,1973,5353,TRUE
SORA73,1973,3640,TRUE
STIL73,1973,1126,TRUE
SWCO73,1973,3854,TRUE
WCUL73,1973,6224,FALSE
WLIN73,1973,7068,FALSE
XRDS73,1973,4901,TRUE
YTRE73,1973,2659,TRUE
ANNI74,1974,4422,TRUE
BEND74,1974,3262,TRUE
BIGL74,1974,4631,TRUE
CABE74,1974,2422,TRUE
CABS74,1974,3963,TRUE
COPB74,1974,4047,TRUE
COPS74,1974,7612,TRUE
ECUL74,1974,3583,TRUE
ELIN74,1974,6906,TRUE
FIRE74,1974,3602,TRUE
NRID74,1974,8288,TRUE
NWAN74,1974,2107,TRUE
NWXR74,1974,3940,TRUE
PLAZ74,1974,2006,TRUE
PLOT74,1974,3061,TRUE
POWL74,1974,3761,TRUE
SAND74,1974,2648,TRUE
SFLA74,1974,5841,TRUE
SIXS74,1974,7028,TRUE
SORA74,1974,4250,TRUE
XRDS74,1974,5168,TRUE
YTRE74,1974,2802,TRUE
ANNI75,1975,5042,TRUE
ARCT75,1975,3148,TRUE
BEND75,1975,2645,TRUE
BIGL75,1975,5702,TRUE
CABE75,1975,4117,TRUE
CABS75,1975,4041,TRUE
COPS75,1975,9117,TRUE
ECUL75,1975,4680,TRUE
ELIN75,1975,7321,TRUE
FARS75,1975,4031,TRUE
FIRE75,1975,4450,TRUE
NBEN75,1975,1981,TRUE
NRID75,1975,5682,TRUE
NWES75,1975,7177,FALSE
NWXR75,1975,3597,TRUE
PLAZ75,1975,1684,TRUE
PLOT75,1975,2649,TRUE
POWL75,1975,2317,TRUE
ROSE75,1975,4770,TRUE
SAND75,1975,2568,TRUE
SIXS75,1975,5099,TRUE
SORA75,1975,3832,TRUE
STIL75,1975,704,TRUE
SWCO75,1975,4137,TRUE
WCUL75,1975,6760,FALSE
WLIN75,1975,7430,FALSE
XRDS75,1975,5189,TRUE
YTRE75,1975,3039,FALSE
ANNI76,1976,5653,TRUE
ARCT76,1976,2895,TRUE
BEND76,1976,1937,TRUE
BIGL76,1976,5118,TRUE
CABE76,1976,3385,TRUE
CABS76,1976,4823,TRUE
COPS76,1976,10437,TRUE
ECUL76,1976,4446,TRUE
ELIN76,1976,5044,TRUE
FIRE76,1976,3434,TRUE
NBEN76,1976,2388,TRUE
NRID76,1976,7956,TRUE
NWES76,1976,5422,FALSE
NWXR76,1976,4867,TRUE
PLAZ76,1976,1883,TRUE
PLOT76,1976,4107,TRUE
POWL76,1976,4244,TRUE
ROSE76,1976,6040,TRUE
SAND76,1976,2619,TRUE
SFLA76,1976,3841,TRUE
SIXS76,1976,5553,TRUE
SORA76,1976,7037,TRUE
STIL76,1976,1415,TRUE
SWCO76,1976,2980,TRUE
WCUL76,1976,8108,FALSE
WLIN76,1976,5960,FALSE
XRDS76,1976,6176,TRUE
YTRE76,1976,2095,TRUE
ANNI77,1977,6304,TRUE
ARCT77,1977,4745,TRUE
BEND77,1977,1503,TRUE
BIGL77,1977,2663,TRUE
CABE77,1977,4990,TRUE
COPS77,1977,5693,TRUE
ECUL77,1977,7048,TRUE
FARS77,1977,3119,TRUE
FIRE77,1977,1749,TRUE
NBAY77,1977,6659,TRUE
NBEN77,1977,2598,TRUE
NWCO77,1977,7675,TRUE
NWES77,1977,4636,FALSE
NWXR77,1977,6193,TRUE
PLAZ77,1977,2922,TRUE
PLOT77,1977,6184,TRUE
ROSE77,1977,7218,TRUE
SAND77,1977,1866,TRUE
SBAY77,1977,4081,TRUE
SFLA77,1977,3983,TRUE
SIXS77,1977,6508,TRUE
SNUK77,1977,652,TRUE
SORA77,1977,5487,TRUE
SWCO77,1977,5120,TRUE
WCUL77,1977,4879,FALSE
WLIN77,1977,6456,FALSE
XRDS77,1977,6696,TRUE
ANNI78,1978,5278,TRUE
ARCT78,1978,4520,TRUE
BEND78,1978,2211,TRUE
BIGL78,1978,7832,TRUE
CABE78,1978,3102,TRUE
CABS78,1978,3096,TRUE
COPS78,1978,6457,TRUE
DOME78,1978,1300,TRUE
ECUL78,1978,4362,TRUE
FARS78,1978,2673,TRUE
NBAY78,1978,3017,TRUE
NBEN78,1978,3504,TRUE
NRID78,1978,1460,TRUE
NWCO78,1978,4410,TRUE
NWES78,1978,6153,FALSE
NWXR78,1978,3555,TRUE
PLAZ78,1978,3990,TRUE
PLOT78,1978,5115,TRUE
POLE78,1978,1056,TRUE
ROSE78,1978,4934,TRUE
SAND78,1978,2972,TRUE
SBAY78,1978,4487,TRUE
SFLA78,1978,6146,TRUE
SIXS78,1978,7218,TRUE
SORA78,1978,5126,TRUE
SWCO78,1978,4326,TRUE
WBEN78,1978,1667,TRUE
WCUL78,1978,9870,FALSE
WFEN78,1978,5837,FALSE
WLIN78,1978,7499,FALSE
XRDS78,1978,6321,TRUE
ANNI79,1979,6631,TRUE
ARCT79,1979,4319,TRUE
BEND79,1979,1989,TRUE
BIGL79,1979,6097,TRUE
CABS79,1979,4604,TRUE
COPS79,1979,3499,TRUE
COWW79,1979,2123,TRUE
ECUL79,1979,3775,TRUE
FARS79,1979,4312,TRUE
JUNK79,1979,1264,TRUE
NBAY79,1979,4483,TRUE
NBEN79,1979,3338,TRUE
NCOP79,1979,1174,TRUE
NRID79,1979,1732,TRUE
NWCO79,1979,3667,TRUE
NWES79,1979,4303,FALSE
NWXR79,1979,3758,TRUE
PLAZ79,1979,4153,TRUE
PLOT79,1979,4328,TRUE
POLE79,1979,2092,TRUE
ROSE79,1979,5714,TRUE
SAND79,1979,3467,TRUE
SBAY79,1979,7291,TRUE
SCOP79,1979,4678,TRUE
SFLA79,1979,6276,TRUE
SIXS79,1979,2824,TRUE
SORA79,1979,3856,TRUE
SPLT79,1979,2349,TRUE
SSAN79,1979,1615,TRUE
SWCO79,1979,5324,TRUE
WBEN79,1979,3490,TRUE
WCUL79,1979,9040,FALSE
WLIN79,1979,6634,FALSE
XRDS79,1979,3134,TRUE
ANNI80,1980,8956,TRUE
BAYR80,1980,4925,TRUE
BEND80,1980,7249,TRUE
CABS80,1980,5935,TRUE
COPS80,1980,7572,TRUE
DIKE80,1980,4653,FALSE
FARS80,1980,2787,TRUE
FIRE80,1980,1580,TRUE
LINS80,1980,6642,TRUE
LINX80,1980,6319,FALSE
NBEN80,1980,6225,TRUE
NRID80,1980,7732,TRUE
NWES80,1980,5140,FALSE
PLAZ80,1980,3865,TRUE
PLOT80,1980,5022,TRUE
ROSE80,1980,8664,TRUE
SAND80,1980,5259,TRUE
SORA80,1980,4165,TRUE
SSAN80,1980,6139,TRUE
WCOP80,1980,8882,TRUE
WLIN80,1980,5027,FALSE
XRDS80,1980,3776,TRUE
ANNI81,1981,5319,TRUE
ANYR81,1981,1827,TRUE
ARCT81,1981,4270,TRUE
BAYR81,1981,5710,TRUE
BEND81,1981,5980,TRUE
CABS81,1981,4127,TRUE
CACT81,1981,6571,FALSE
COPS81,1981,7201,TRUE
DIKE81,1981,3484,FALSE
ECUL81,1981,2730,TRUE
FARS81,1981,2038,TRUE
FIRE81,1981,2301,TRUE
LINS81,1981,4924,TRUE
LINX81,1981,6994,FALSE
NBEN81,1981,7067,TRUE
NRID81,1981,5733,TRUE
NWES81,1981,5461,FALSE
PLAZ81,1981,3769,TRUE
PLOT81,1981,3013,TRUE
POLA81,1981,6959,TRUE
ROSE81,1981,7724,TRUE
SAND81,1981,5233,TRUE
SORA81,1981,5450,TRUE
SSAN81,1981,9048,TRUE
SWES81,1981,3233,TRUE
WCOP81,1981,10171,TRUE
WLIN81,1981,3043,FALSE
XRDS81,1981,4418,TRUE
ANNI82,1982,8304,TRUE
ANYR82,1982,1981,TRUE
ARCT82,1982,3019,TRUE
BEND82,1982,5537,TRUE
CABS82,1982,4602,TRUE
CACT82,1982,10571,FALSE
COPS82,1982,7184,TRUE
DBLE82,1982,897,TRUE
FARS82,1982,2778,TRUE
FIRE82,1982,2540,TRUE
LINS82,1982,4411,TRUE
NBEN82,1982,5196,TRUE
NNWS82,1982,6107,FALSE
NRID82,1982,5833,TRUE
NWES82,1982,8536,FALSE
PLAZ82,1982,7171,TRUE
ROSE82,1982,5845,TRUE
SAND82,1982,8246,TRUE
SIXS82,1982,2577,TRUE
SORA82,1982,5668,TRUE
SSAN82,1982,11013,TRUE
WCOP82,1982,8881,TRUE
WLIN82,1982,6416,FALSE
XRDS82,1982,4199,TRUE
ANNI83,1983,10444,TRUE
ANYR83,1983,2599,TRUE
ARCT83,1983,3669,TRUE
BEND83,1983,5353,TRUE
CABS83,1983,4030,TRUE
COPS83,1983,6117,TRUE
CTRW83,1983,3875,TRUE
DBLE83,1983,3636,TRUE
EBAY83,1983,2962,TRUE
FARS83,1983,5783,TRUE
FENC83,1983,4379,FALSE
FIRE83,1983,2968,TRUE
IBRN83,1983,3753,TRUE
LINS83,1983,5659,TRUE
NBEN83,1983,5175,TRUE
NRID83,1983,6149,TRUE
NWES83,1983,4942,TRUE
PLAZ83,1983,6643,TRUE
POLA83,1983,4893,TRUE
ROSE83,1983,5700,FALSE
SAND83,1983,5965,TRUE
SCOP83,1983,8001,TRUE
SFLA83,1983,3889,TRUE
SIXS83,1983,2381,TRUE
SORA83,1983,5491,TRUE
SSAN83,1983,12758,TRUE
WCOP83,1983,8105,TRUE
WCPR83,1983,2216,TRUE
XRDS83,1983,4734,TRUE
ANNI84,1984,6543,TRUE
ANYR84,1984,3524,TRUE
ARCT84,1984,4196,TRUE
BEND84,1984,5768,TRUE
CABS84,1984,6691,TRUE
COPS84,1984,6044,TRUE
CTRW84,1984,1818,TRUE
DBLE84,1984,3715,TRUE
EBAY84,1984,6086,TRUE
FARS84,1984,4526,TRUE
FIRE84,1984,3191,TRUE
IBRN84,1984,3356,TRUE
LINS84,1984,2879,TRUE
MBEN84,1984,2782,TRUE
NBEN84,1984,5506,TRUE
NRID84,1984,5252,TRUE
NWES84,1984,5602,FALSE
PLAZ84,1984,7380,TRUE
POLA84,1984,4671,TRUE
RATL84,1984,3605,TRUE
ROSE84,1984,8260,TRUE
SAND84,1984,8378,TRUE
SCOP84,1984,7416,TRUE
SIXS84,1984,2959,TRUE
SORA84,1984,5990,TRUE
SPLT84,1984,4607,TRUE
SSAN84,1984,6483,TRUE
WCOP84,1984,5161,TRUE
WCPR84,1984,3780,FALSE
XRDS84,1984,3526,TRUE
ARCT85,1985,5905,TRUE
BEND85,1985,7180,TRUE
CABS85,1985,5352,TRUE
CACT85,1985,11467,FALSE
COPS85,1985,3357,TRUE
CTRW85,1985,3579,TRUE
EBAY85,1985,9960,TRUE
FARS85,1985,4143,TRUE
FENC85,1985,7673,FALSE
FIRE85,1985,4538,TRUE
IBRN85,1985,3284,FALSE
LINS85,1985,5809,TRUE
LINX85,1985,6905,FALSE
NBEN85,1985,7048,TRUE
NRID85,1985,8483,TRUE
NWES85,1985,9919,FALSE
PLAZ85,1985,6178,TRUE
POLA85,1985,4583,TRUE
RATL85,1985,8089,TRUE
SAND85,1985,7965,TRUE
SCOB85,1985,5908,TRUE
SCOP85,1985,4363,TRUE
SIXS85,1985,8155,TRUE
SORA85,1985,4989,TRUE
SPLT85,1985,5150,TRUE
SSAN85,1985,7977,TRUE
WCOP85,1985,5728,TRUE
WCPR85,1985,3831,FALSE
XRDS85,1985,3134,TRUE
ARCT86,1986,7504,TRUE
BEND86,1986,5271,TRUE
BIGL86,1986,4947,TRUE
CABS86,1986,5360,TRUE
CACT86,1986,6243,FALSE
CRAN86,1986,4522,FALSE
CTRW86,1986,5183,TRUE
DEER86,1986,11727,FALSE
DIKE86,1986,2373,FALSE
EBAY86,1986,10485,TRUE
ECUL86,1986,3502,TRUE
FENC86,1986,5882,FALSE
IBRN86,1986,950,TRUE
LINS86,1986,5586,TRUE
LINX86,1986,5177,FALSE
NBEN86,1986,7331,TRUE
NRID86,1986,7452,TRUE
NWES86,1986,5317,FALSE
NWSX86,1986,3857,FALSE
PLAZ86,1986,6284,TRUE
PLOT86,1986,4478,TRUE
POLA86,1986,3189,TRUE
RATL86,1986,6600,TRUE
SARA86,1986,3286,FALSE
SCOB86,1986,4484,TRUE
SCOP86,1986,6629,TRUE
SIBR86,1986,4158,FALSE
SIXS86,1986,11291,TRUE
SORA86,1986,3944,TRUE
SPLT86,1986,6870,TRUE
SSAN86,1986,7091,TRUE
WCOP86,1986,8533,TRUE
WCPR86,1986,4504,FALSE
WSIX86,1986,9055,FALSE
XRDS86,1986,5454,TRUE
ARCT87,1987,6633,TRUE
BEND87,1987,8307,TRUE
BIGL87,1987,4997,TRUE
BUBO87,1987,6388,TRUE
CABS87,1987,5460,TRUE
CRAN87,1987,7813,FALSE
DEER87,1987,14174,FALSE
EBAY87,1987,8048,TRUE
FARS87,1987,3587,TRUE
FENC87,1987,4368,FALSE
HICR87,1987,4879,TRUE
LINS87,1987,2646,TRUE
LINX87,1987,4271,FALSE
LOCK87,1987,1576,TRUE
MBEN87,1987,4044,TRUE
MILW87,1987,466,FALSE
MUME87,1987,8243,TRUE
NBEN87,1987,6262,TRUE
NRID87,1987,4541,TRUE
NWES87,1987,12624,FALSE
NWSX87,1987,2620,FALSE
PLOT87,1987,6484,TRUE
POLA87,1987,5430,TRUE
ROSE87,1987,7311,FALSE
SARA87,1987,2800,TRUE
SCOB87,1987,5940,TRUE
SCOP87,1987,6115,TRUE
SIBR87,1987,4273,FALSE
SIXS87,1987,8875,TRUE
SORA87,1987,5566,TRUE
SPLT87,1987,6864,TRUE
SSAN87,1987,9064,TRUE
SWAL87,1987,4725,FALSE
WAHO87,1987,5810,TRUE
WCOP87,1987,6142,TRUE
WCPR87,1987,3297,FALSE
WSIX87,1987,6163,FALSE
XRDS87,1987,7614,TRUE
YTRE87,1987,2402,FALSE
ARCT88,1988,6656,TRUE
BEND88,1988,6964,TRUE
BIGL88,1988,7883,TRUE
BNCH88,1988,6066,TRUE
BUBO88,1988,2430,TRUE
CABS88,1988,6306,TRUE
CABU88,1988,161,TRUE
CROS88,1988,6120,TRUE
CTRN88,1988,3295,TRUE
CTRW88,1988,3336,TRUE
CURY88,1988,2468,TRUE
DEER88,1988,3712,FALSE
EBAY88,1988,8265,TRUE
ECIT88,1988,2649,FALSE
ECUL88,1988,2615,TRUE
FENC88,1988,4187,FALSE
HICR88,1988,8249,TRUE
HUFT88,1988,5922,TRUE
JERE88,1988,2819,FALSE
LAKE88,1988,2197,TRUE
LAZT88,1988,3189,FALSE
LINS88,1988,3304,TRUE
LINX88,1988,2955,FALSE
LOCK88,1988,2974,TRUE
LOOP88,1988,4193,FALSE
LOPZ88,1988,4474,TRUE
MBEN88,1988,7295,TRUE
MRGO88,1988,1139,TRUE
MUME88,1988,5407,TRUE
NJCT88,1988,5207,TRUE
NNWX88,1988,3278,TRUE
NO1988,1988,5200,TRUE
NPOL88,1988,5148,TRUE
NRID88,1988,5951,TRUE
NURS88,1988,1501,FALSE
NWES88,1988,10082,TRUE
PAST88,1988,1722,FALSE
PLOT88,1988,5072,TRUE
POLA88,1988,4378,TRUE
ROSE88,1988,6634,FALSE
RUSS88,1988,2025,FALSE
SAPI88,1988,2608,TRUE
SARA88,1988,3475,FALSE
SCOB88,1988,4425,TRUE
SCOP88,1988,5027,TRUE
SIBR88,1988,3208,FALSE
SIXS88,1988,9545,TRUE
SLUM88,1988,3948,TRUE
SORA88,1988,4456,TRUE
SPLT88,1988,6350,TRUE
SSAN88,1988,9323,TRUE
SWAL88,1988,2725,TRUE
TOMB88,1988,1515,FALSE
WAHO88,1988,5099,TRUE
WCIT88,1988,757,FALSE
WCOP88,1988,7077,TRUE
WNUR88,1988,336,FALSE
WSIX88,1988,4794,FALSE
XRDS88,1988,5995,TRUE
ARCT89,1989,7535,TRUE
BEND89,1989,4859,TRUE
BIGL89,1989,7860,TRUE
BNCH89,1989,5514,TRUE
BUBO89,1989,2670,FALSE
CABS89,1989,6283,TRUE
CROS89,1989,9123,TRUE
CTRN89,1989,4115,TRUE
CTRW89,1989,1767,TRUE
CURY89,1989,3963,TRUE
EBAY89,1989,6567,TRUE
ELIN89,1989,6373,TRUE
FENC89,1989,4782,FALSE
HICE89,1989,2641,TRUE
HICR89,1989,4442,TRUE
HUFT89,1989,3268,TRUE
JERE89,1989,2590,FALSE
LAZT89,1989,3884,TRUE
LINS89,1989,2848,TRUE
LINX89,1989,2413,FALSE
LOCK89,1989,4125,TRUE
LOOP89,1989,5517,FALSE
LOPZ89,1989,5461,TRUE
MBEN89,1989,3475,TRUE
MIKE89,1989,1775,TRUE
MRGO89,1989,2366,FALSE
MUME89,1989,5299,TRUE
NBEN89,1989,5636,TRUE
NJCT89,1989,4208,FALSE
NLAK89,1989,2012,FALSE
NNWX89,1989,3784,TRUE
NO1989,1989,5304,TRUE
NPOL89,1989,3848,TRUE
NRID89,1989,6660,TRUE
NWES89,1989,9708,FALSE
PAST89,1989,2158,FALSE
PLOT89,1989,11413,TRUE
POLA89,1989,7820,TRUE
ROSE89,1989,6326,FALSE
RUSS89,1989,4026,FALSE
SAPI89,1989,3825,TRUE
SARA89,1989,3674,FALSE
SCOB89,1989,4321,TRUE
SCOP89,1989,5027,TRUE
SFLA89,1989,6967,TRUE
SIBR89,1989,2890,FALSE
SIXS89,1989,4259,TRUE
SLUM89,1989,2841,TRUE
SORA89,1989,4909,TRUE
SPLT89,1989,8469,TRUE
SSAN89,1989,3599,TRUE
SWAL89,1989,3536,FALSE
WAHO89,1989,5392,TRUE
WBEN89,1989,1087,TRUE
WCOP89,1989,7596,TRUE
WSIX89,1989,4061,FALSE
XRDS89,1989,4892,TRUE
ARCT90,1990,2161,TRUE
BEND90,1990,5643,TRUE
BIGL90,1990,10407,TRUE
BNCH90,1990,6764,TRUE
CABS90,1990,4333,TRUE
CACT90,1990,4235,FALSE
CRAN90,1990,6855,FALSE
CROS90,1990,10240,TRUE
CTRN90,1990,5554,TRUE
CURY90,1990,5760,TRUE
EBAY90,1990,7300,TRUE
ELIN90,1990,12830,TRUE
FBYN90,1990,6127,FALSE
FENC90,1990,5268,FALSE
HICE90,1990,5784,TRUE
HICR90,1990,7736,TRUE
JERE90,1990,2738,FALSE
LAZT90,1990,4121,TRUE
LINS90,1990,5662,TRUE
LINX90,1990,3386,FALSE
LOCK90,1990,4143,TRUE
LOOP90,1990,6810,TRUE
LOPZ90,1990,13225,TRUE
MBEN90,1990,5161,TRUE
MUME90,1990,3997,TRUE
N7RD90,1990,4846,TRUE
NBEN90,1990,9219,TRUE
NLAK90,1990,2025,TRUE
NNWX90,1990,5053,FALSE
NPOL90,1990,2279,TRUE
NRID90,1990,3664,TRUE
NWES90,1990,6163,TRUE
PAST90,1990,2386,FALSE
PLOT90,1990,6974,TRUE
ROSE90,1990,2612,FALSE
RUSS90,1990,5703,FALSE
SAPI90,1990,2328,TRUE
SARA90,1990,4832,FALSE
SCOB90,1990,3611,TRUE
SCOP90,1990,7228,TRUE
SFLA90,1990,3491,TRUE
SIBR90,1990,2407,FALSE
SIXS90,1990,3693,TRUE
SLUM90,1990,4466,TRUE
SORA90,1990,4912,TRUE
SPLT90,1990,6190,TRUE
SWAL90,1990,4020,TRUE
WAHO90,1990,4595,TRUE
WCOP90,1990,6572,TRUE
WSCR90,1990,5165,FALSE
WSIX90,1990,7676,FALSE
XRDS90,1990,6966,TRUE
ASPH91,1991,2287,TRUE
BALD91,1991,8937,FALSE
BEND91,1991,7046,TRUE
BNCH91,1991,6709,TRUE
CABS91,1991,10893,TRUE
CACT91,1991,6370,FALSE
CHOP91,1991,6207,FALSE
CURY91,1991,3596,TRUE
DEER91,1991,937,TRUE
EBAY91,1991,7937,TRUE
ELIN91,1991,4119,TRUE
FENC91,1991,3815,FALSE
HICE91,1991,4108,TRUE
JERE91,1991,3412,TRUE
LAZT91,1991,4507,TRUE
LINS91,1991,8123,TRUE
LINX91,1991,9661,FALSE
LOCK91,1991,10303,TRUE
LOOP91,1991,15957,FALSE
LOPZ91,1991,9435,TRUE
MBEN91,1991,9512,TRUE
MUME91,1991,5651,TRUE
N7RD91,1991,12120,TRUE
NBEN91,1991,7444,TRUE
NNWX91,1991,5592,FALSE
NPOL91,1991,2663,TRUE
NWES91,1991,6948,FALSE
PAST91,1991,5714,FALSE
PLOT91,1991,11859,TRUE
ROSE91,1991,3143,TRUE
RUSS91,1991,2339,FALSE
SCOB91,1991,5681,TRUE
SCOP91,1991,10468,TRUE
SFLA91,1991,4793,TRUE
SIBR91,1991,4950,FALSE
SIXS91,1991,4013,TRUE
SLUM91,1991,3453,TRUE
SORA91,1991,5105,TRUE
SPLT91,1991,5317,TRUE
SWAL91,1991,2955,FALSE
TOMB91,1991,1948,FALSE
WAHO91,1991,7122,TRUE
WCOP91,1991,5284,TRUE
WSIX91,1991,6362,FALSE
WWSX91,1991,4342,FALSE
XRDS91,1991,3970,TRUE
BALD92,1992,8739,FALSE
BEND92,1992,9947,TRUE
BNCH92,1992,6582,TRUE
CACT92,1992,3209,FALSE
CHOP92,1992,6334,FALSE
DEER92,1992,4698,TRUE
EBAY92,1992,7339,TRUE
ELIN92,1992,9432,TRUE
EQUS92,1992,2413,FALSE
FBYN92,1992,9562,FALSE
FENC92,1992,5542,FALSE
HICE92,1992,7054,TRUE
JERE92,1992,386,TRUE
LAZT92,1992,6908,TRUE
LINX92,1992,9316,FALSE
LOCK92,1992,12265,TRUE
LOOP92,1992,8707,FALSE
LOPZ92,1992,10098,TRUE
MRGO92,1992,4315,FALSE
MUME92,1992,7123,TRUE
N7RD92,1992,11837,TRUE
NBEN92,1992,13107,TRUE
NMID92,1992,3108,TRUE
NNWX92,1992,6681,FALSE
NPOL92,1992,1634,TRUE
NWES92,1992,11173,FALSE
PAST92,1992,8038,FALSE
PLOT92,1992,19596,TRUE
RUSS92,1992,2360,FALSE
SCOB92,1992,5390,TRUE
SCOP92,1992,13735,TRUE
SFLA92,1992,5199,TRUE
SIBR92,1992,4585,FALSE
SIXS92,1992,4329,TRUE
SLUM92,1992,2593,TRUE
SORA92,1992,7938,TRUE
SWAL92,1992,3676,FALSE
WAHO92,1992,6012,TRUE
WCOP92,1992,7091,TRUE
WWSX92,1992,9402,FALSE
XRDS92,1992,5104,TRUE
BALD93,1993,7774,FALSE
BEND93,1993,18739,TRUE
BNCH93,1993,7441,TRUE
CACT93,1993,4394,FALSE
CHOP93,1993,7347,FALSE
CROS93,1993,6385,TRUE
CTRW93,1993,3320,TRUE
CURY93,1993,3198,TRUE
DEER93,1993,4507,TRUE
ELIN93,1993,8801,TRUE
EQUS93,1993,1340,FALSE
FBYN93,1993,5180,FALSE
FENC93,1993,5697,FALSE
HARY93,1993,1185,FALSE
HICE93,1993,6940,TRUE
LINX93,1993,4187,FALSE
LOCK93,1993,3233,TRUE
LOOP93,1993,9014,FALSE
LOPZ93,1993,7668,TRUE
MITA93,1993,4190,FALSE
MRGO93,1993,4332,FALSE
MUME93,1993,7887,TRUE
N7RD93,1993,12901,TRUE
NMID93,1993,2527,TRUE
NNWX93,1993,7698,FALSE
NPOL93,1993,3822,TRUE
NWES93,1993,15203,FALSE
PAST93,1993,7197,FALSE
PLOT93,1993,13883,TRUE
RIDG93,1993,5175,TRUE
RUSS93,1993,2879,FALSE
SCOB93,1993,5264,TRUE
SCOP93,1993,13466,TRUE
SCRP93,1993,4872,FALSE
SFLA93,1993,8103,TRUE
SIBR93,1993,5457,FALSE
SIXS93,1993,8356,TRUE
SLUM93,1993,3421,TRUE
SORA93,1993,6592,TRUE
SWAL93,1993,2998,FALSE
WAHO93,1993,7374,TRUE
WCOP93,1993,3420,TRUE
WCPR93,1993,3880,TRUE
WWSX93,1993,7435,FALSE
XRDS93,1993,6433,TRUE
ANNI94,1994,3299,TRUE
BALD94,1994,9476,FALSE
BEND94,1994,11156,TRUE
BIGL94,1994,10218,TRUE
BNCH94,1994,15753,TRUE
CACT94,1994,6365,FALSE
CHOP94,1994,7045,FALSE
CPEN94,1994,419,TRUE
CURY94,1994,4486,TRUE
DEER94,1994,6958,TRUE
ELIN94,1994,10946,TRUE
EQUS94,1994,1926,FALSE
FARS94,1994,4600,TRUE
FBYN94,1994,7854,FALSE
FENC94,1994,4392,FALSE
HARY94,1994,1271,FALSE
HICE94,1994,7630,TRUE
LINX94,1994,2871,FALSE
LOCK94,1994,6801,TRUE
LOOP94,1994,9962,FALSE
LOP294,1994,2617,FALSE
LOPZ94,1994,6994,TRUE
MCBY94,1994,7382,FALSE
MILL94,1994,5625,TRUE
MRGO94,1994,4268,FALSE
MUME94,1994,7286,TRUE
N7RD94,1994,11705,TRUE
NBEN94,1994,4477,TRUE
NNWX94,1994,5537,FALSE
NPOL94,1994,4255,TRUE
NWES94,1994,11354,FALSE
PAST94,1994,7100,FALSE
RUSS94,1994,5347,TRUE
SCOB94,1994,6205,TRUE
SCOP94,1994,8102,TRUE
SCRP94,1994,3691,FALSE
SFLA94,1994,9041,TRUE
SIBR94,1994,5844,FALSE
SIXB94,1994,959,TRUE
SIXS94,1994,9012,TRUE
SLUM94,1994,2834,TRUE
SORA94,1994,8280,TRUE
SWAL94,1994,4929,FALSE
TOMB94,1994,2962,FALSE
TP3994,1994,2112,TRUE
WAHO94,1994,8785,TRUE
WCOP94,1994,2868,TRUE
WCPR94,1994,4192,TRUE
WWSX94,1994,8549,FALSE
XRDS94,1994,8199,TRUE
ANNI95,1995,5357,TRUE
BALD95,1995,4363,FALSE
BEND95,1995,10204,TRUE
BIGL95,1995,9867,TRUE
BNCH95,1995,13711,FALSE
CACT95,1995,6364,FALSE
CHIK95,1995,3806,FALSE
CHOP95,1995,7727,FALSE
CURY95,1995,5600,TRUE
DEER95,1995,4789,TRUE
ELIN95,1995,7135,TRUE
ELOP95,1995,1153,TRUE
EQUS95,1995,4981,FALSE
FARS95,1995,4035,TRUE
FENC95,1995,3331,FALSE
HARY95,1995,4801,FALSE
HICE95,1995,3423,TRUE
JERE95,1995,2884,TRUE
KETH95,1995,1740,FALSE
LINX95,1995,5432,FALSE
LOCK95,1995,6846,TRUE
LOOP95,1995,6659,FALSE
LOPZ95,1995,5358,TRUE
MCBY95,1995,8291,FALSE
MERL95,1995,507,FALSE
MITA95,1995,2440,FALSE
MRGO95,1995,4342,FALSE
MUME95,1995,4628,TRUE
N7RD95,1995,8691,TRUE
NMIT95,1995,5807,FALSE
NNWX95,1995,6093,FALSE
NOBS95,1995,4895,FALSE
NPOL95,1995,5036,TRUE
NRID95,1995,5980,TRUE
NWES95,1995,10487,FALSE
PAST95,1995,5688,FALSE
PINE95,1995,2478,FALSE
PLAZ95,1995,6283,TRUE
POLA95,1995,6462,TRUE
POWL95,1995,5316,TRUE
RUSS95,1995,6536,TRUE
S18E95,1995,4302,TRUE
SCOB95,1995,6061,TRUE
SCOP95,1995,9957,TRUE
SCRP95,1995,3605,FALSE
SFLA95,1995,12767,TRUE
SHIC95,1995,1791,TRUE
SIBR95,1995,3004,FALSE
SIXS95,1995,2568,TRUE
SLUM95,1995,1238,TRUE
SORA95,1995,11654,TRUE
SWAL95,1995,4409,FALSE
TOMB95,1995,3597,TRUE
TP3995,1995,2652,TRUE
WAHO95,1995,10141,TRUE
WCPR95,1995,10129,TRUE
WWSX95,1995,8195,FALSE
XRDS95,1995,7471,TRUE
ANNI96,1996,7860,TRUE
BALD96,1996,3322,FALSE
BEND96,1996,6597,TRUE
BIGL96,1996,7588,TRUE
BNCH96,1996,7258,TRUE
CACT96,1996,5191,FALSE
CHOP96,1996,5711,FALSE
CRAN96,1996,1251,FALSE
CRNR96,1996,1339,FALSE
CTRW96,1996,2711,TRUE
CURY96,1996,4355,TRUE
DEER96,1996,4362,TRUE
EBAY96,1996,3584,TRUE
ECUL96,1996,1286,TRUE
ELIN96,1996,10500,TRUE
EQUS96,1996,6042,FALSE
FARS96,1996,4043,TRUE
FENC96,1996,3820,FALSE
HARY96,1996,1378,TRUE
HICE96,1996,2347,TRUE
JERE96,1996,4763,FALSE
KETH96,1996,3465,FALSE
LINX96,1996,4616,FALSE
LOCK96,1996,6506,TRUE
LOPZ96,1996,4536,TRUE
MARY96,1996,3751,TRUE
MCBY96,1996,8701,FALSE
MERL96,1996,3912,FALSE
MITA96,1996,4343,FALSE
MRGO96,1996,2067,FALSE
MUME96,1996,6080,TRUE
N18E96,1996,4244,TRUE
N7RD96,1996,7576,TRUE
NBAL96,1996,1584,FALSE
NMIT96,1996,2985,FALSE
NNWX96,1996,4146,FALSE
NO1996,1996,4866,TRUE
NPOL96,1996,2449,TRUE
NRID96,1996,8019,TRUE
NWES96,1996,6933,TRUE
PAST96,1996,4408,FALSE
PINE96,1996,1745,FALSE
PLAZ96,1996,3677,TRUE
POLA96,1996,8791,TRUE
POWL96,1996,7273,TRUE
PRAN96,1996,1090,TRUE
PUMP96,1996,2293,TRUE
RUSS96,1996,7967,FALSE
S18E96,1996,3148,TRUE
SCOB96,1996,5495,TRUE
SCOP96,1996,9086,TRUE
SCRP96,1996,3290,FALSE
SFLA96,1996,5473,TRUE
SFLS96,1996,3153,TRUE
SHIC96,1996,2441,TRUE
SIBR96,1996,1198,FALSE
SIXS96,1996,3210,TRUE
SLUM96,1996,3332,TRUE
SORA96,1996,7785,TRUE
SWAL96,1996,3879,FALSE
SWSE96,1996,3932,TRUE
TOAK96,1996,3687,TRUE
TOMB96,1996,3248,TRUE
TP3996,1996,3391,TRUE
WCPR96,1996,6621,TRUE
WCUL96,1996,5170,FALSE
WWSX96,1996,7306,FALSE
XRDS96,1996,6991,TRUE
ANNI97,1997,8998,TRUE
BALD97,1997,2689,TRUE
BIGL97,1997,6317,TRUE
BNCH97,1997,4867,TRUE
BUBO97,1997,2171,TRUE
CACT97,1997,6421,FALSE
CHOP97,1997,4865,FALSE
CRNR97,1997,1393,FALSE
CURY97,1997,5537,TRUE
DEER97,1997,5036,TRUE
EBAY97,1997,6651,TRUE
ELIN97,1997,4190,TRUE
EQUS97,1997,3536,FALSE
FARS97,1997,3881,TRUE
FENC97,1997,2309,FALSE
FLSH97,1997,2752,TRUE
HARY97,1997,1734,TRUE
HELP97,1997,2540,TRUE
HICE97,1997,3100,TRUE
HICN97,1997,1537,TRUE
IBRN97,1997,1157,FALSE
JERE97,1997,3357,TRUE
KETH97,1997,1184,FALSE
LINS97,1997,3804,TRUE
LINX97,1997,4326,FALSE
LOCK97,1997,7562,TRUE
LOPZ97,1997,6268,TRUE
MARY97,1997,3508,TRUE
MCBY97,1997,2005,FALSE
MERL97,1997,989,TRUE
MITA97,1997,4006,FALSE
MRGO97,1997,2597,TRUE
MUME97,1997,3450,TRUE
N18E97,1997,4448,TRUE
N7RD97,1997,8662,TRUE
NJCT97,1997,2266,TRUE
NMIT97,1997,2554,TRUE
NNWX97,1997,2360,TRUE
NO1997,1997,3735,TRUE
NPOL97,1997,5204,TRUE
NRID97,1997,9081,TRUE
NWES97,1997,2635,TRUE
PAST97,1997,4016,FALSE
PLAZ97,1997,7634,TRUE
POLA97,1997,5952,TRUE
POWL97,1997,5306,TRUE
PRAN97,1997,3579,TRUE
RUSB97,1997,2570,TRUE
RUSS97,1997,2845,TRUE
SCOB97,1997,5464,TRUE
SCOP97,1997,9234,TRUE
SCRP97,1997,1133,FALSE
SFLA97,1997,4259,TRUE
SFLS97,1997,5465,TRUE
SHIC97,1997,4075,TRUE
SIBR97,1997,2052,FALSE
SIXS97,1997,3473,TRUE
SLUM97,1997,609,TRUE
SORA97,1997,7567,TRUE
SWAL97,1997,2817,TRUE
TP3997,1997,2343,TRUE
UTER97,1997,1836,TRUE
WAHO97,1997,5061,TRUE
WCPR97,1997,6705,TRUE
WCUL97,1997,4371,TRUE
WWSX97,1997,1237,TRUE
XRDS97,1997,7675,TRUE
YTRE97,1997,4012,TRUE
ANNI98,1998,10622,TRUE
ASPH98,1998,5052,TRUE
BALD98,1998,2443,FALSE
BIGL98,1998,5980,TRUE
BNCH98,1998,10484,TRUE
BUBO98,1998,1888,FALSE
CACT98,1998,5269,FALSE
CAPE98,1998,1689,TRUE
CHOP98,1998,3700,FALSE
CTRN98,1998,9948,TRUE
CURY98,1998,1373,TRUE
DEER98,1998,5055,TRUE
EBAY98,1998,9985,TRUE
ELIN98,1998,6348,TRUE
EQUS98,1998,3551,FALSE
FARS98,1998,7096,TRUE
FENC98,1998,3798,FALSE
HARY98,1998,3641,FALSE
HELP98,1998,2526,TRUE
HICE98,1998,3655,TRUE
HICN98,1998,3493,TRUE
IBRN98,1998,2335,FALSE
JERE98,1998,3715,FALSE
KETH98,1998,3047,FALSE
LINS98,1998,1272,TRUE
LINX98,1998,7719,FALSE
LOPZ98,1998,7365,TRUE
MCBY98,1998,4682,FALSE
MERL98,1998,3182,TRUE
MIDR98,1998,2163,TRUE
MITA98,1998,3922,FALSE
MRGO98,1998,3449,FALSE
MUME98,1998,2090,TRUE
N18E98,1998,6038,TRUE
N7RD98,1998,4518,TRUE
NMIT98,1998,5894,FALSE
NO1998,1998,2105,TRUE
NPOL98,1998,10919,TRUE
NR1D98,1998,9968,TRUE
PAST98,1998,2464,FALSE
POLA98,1998,6226,TRUE
POWL98,1998,7844,TRUE
PRAN98,1998,3282,TRUE
RUSS98,1998,5770,TRUE
SCOB98,1998,4380,TRUE
SCOP98,1998,8767,TRUE
SCRP98,1998,2359,FALSE
SFLA98,1998,5436,TRUE
SFLS98,1998,5665,TRUE
SHIC98,1998,4188,TRUE
SORA98,1998,7715,TRUE
SWAL98,1998,3155,FALSE
TEMP98,1998,927,TRUE
WAHO98,1998,5738,TRUE
WCPR98,1998,8061,TRUE
WLAK98,1998,1515,TRUE
WWSX98,1998,928,TRUE
XRDS98,1998,15086,TRUE
ANNI99,1999,10320,TRUE
BALD99,1999,3369,FALSE
BIGL99,1999,10856,TRUE
BNCH99,1999,4102,TRUE
BUBO99,1999,1206,FALSE
CACT99,1999,6230,FALSE
CHOP99,1999,3878,FALSE
COPS99,1999,5519,TRUE
CTRN99,1999,5941,TRUE
CURY99,1999,5525,TRUE
DICE99,1999,1620,TRUE
EBAY99,1999,6501,TRUE
ELIN99,1999,9728,TRUE
EQUS99,1999,5354,FALSE
FARS99,1999,8807,TRUE
FBYN99,1999,403,FALSE
FENC99,1999,7083,FALSE
HARY99,1999,3764,FALSE
HELP99,1999,2629,TRUE
HICE99,1999,6299,TRUE
HICN99,1999,2128,TRUE
IBRN99,1999,2272,FALSE
JERE99,1999,4155,FALSE
KETH99,1999,4214,FALSE
LAZT99,1999,3387,FALSE
LINS99,1999,4326,TRUE
LINX99,1999,6192,FALSE
LOPZ99,1999,5833,TRUE
MCBY99,1999,2018,FALSE
MERL99,1999,3915,TRUE
MIDR99,1999,3198,TRUE
MITA99,1999,3786,FALSE
MRGO99,1999,4474,FALSE
MUME99,1999,2971,TRUE
N18E99,1999,5906,TRUE
N7RD99,1999,5637,TRUE
NMIT99,1999,7652,FALSE
NO1999,1999,4379,TRUE
NPOL99,1999,6308,TRUE
NR1D99,1999,9613,TRUE
NWES99,1999,3386,TRUE
PAST99,1999,970,FALSE
PLAZ99,1999,2866,TRUE
PMPE99,1999,1753,FALSE
POLA99,1999,4822,TRUE
POWL99,1999,5195,TRUE
PUMP99,1999,3386,TRUE
RATL99,1999,2240,TRUE
RUSS99,1999,5909,TRUE
SCOB99,1999,3571,TRUE
SCOP99,1999,3793,TRUE
SCRP99,1999,2775,FALSE
SFLA99,1999,3410,TRUE
SFLC99,1999,2353,TRUE
SFLS99,1999,8242,TRUE
SHIC99,1999,3158,TRUE
SORA99,1999,9432,TRUE
SWAL99,1999,3511,TRUE
SWSE99,1999,2781,TRUE
TOMB99,1999,3621,TRUE
TP3999,1999,3177,TRUE
VALL99,1999,1386,TRUE
WAHO99,1999,3276,TRUE
WCPR99,1999,5372,TRUE
XRDS99,1999,9686,TRUE
ANNI00,2000,7544,TRUE
ASPH00,2000,3833,FALSE
BALD00,2000,5752,FALSE
BIGL00,2000,5851,TRUE
BNCH00,2000,7480,TRUE
CACT00,2000,6035,FALSE
CHOP00,2000,5934,FALSE
COPS00,2000,4395,TRUE
CTRN00,2000,4954,TRUE
CURY00,2000,4178,TRUE
DICE00,2000,3075,TRUE
EBAY00,2000,7437,TRUE
ELIN00,2000,15210,TRUE
EQUS00,2000,7798,FALSE
FARS00,2000,5446,TRUE
FENC00,2000,5891,FALSE
HICE00,2000,4786,TRUE
HICN00,2000,2146,TRUE
IBRN00,2000,2372,FALSE
JERE00,2000,3774,FALSE
KETH00,2000,4404,FALSE
LAZT00,2000,941,TRUE
LINX00,2000,3590,FALSE
LOPZ00,2000,5137,TRUE
MCBN00,2000,3586,FALSE
MCBY00,2000,10208,FALSE
MERL00,2000,2648,TRUE
MIDR00,2000,5234,TRUE
MITA00,2000,4027,FALSE
MRGO00,2000,6236,TRUE
N18E00,2000,9157,TRUE
NMIT00,2000,7054,FALSE
NO1900,2000,3207,TRUE
NOPR00,2000,3467,TRUE
NPOL00,2000,6728,TRUE
NRID00,2000,15029,TRUE
NWES00,2000,4989,TRUE
PLAZ00,2000,3097,TRUE
POLA00,2000,5202,TRUE
POWL00,2000,4995,FALSE
RUSS00,2000,6098,TRUE
SCOB00,2000,4547,TRUE
SCOP00,2000,8843,TRUE
SCRP00,2000,4129,FALSE
SFLA00,2000,4946,TRUE
SFLC00,2000,3856,TRUE
SFLM00,2000,1329,TRUE
SFLS00,2000,4801,TRUE
SHIC00,2000,2833,TRUE
SORA00,2000,5502,TRUE
SWAL00,2000,6742,FALSE
SWSE00,2000,3138,TRUE
TP3900,2000,2695,TRUE
VALL00,2000,1760,TRUE
WAHO00,2000,3876,TRUE
WCPR00,2000,6149,TRUE
XRDS00,2000,9765,TRUE
ANNI01,2001,8474,TRUE
ASPH01,2001,3960,TRUE
BALD01,2001,2387,FALSE
BIGL01,2001,13389,TRUE
BNCH01,2001,4789,TRUE
CACT01,2001,6335,FALSE
CHOB01,2001,1352,FALSE
CHOP01,2001,4221,FALSE
CTRN01,2001,4906,TRUE
CURY01,2001,3523,TRUE
DICE01,2001,4998,TRUE
EBAY01,2001,7260,TRUE
ELIN01,2001,12748,TRUE
EQUS01,2001,4365,FALSE
FARS01,2001,5102,TRUE
FENC01,2001,6786,FALSE
HICE01,2001,5195,TRUE
HICN01,2001,4214,TRUE
IBRN01,2001,2599,FALSE
JERE01,2001,2762,FALSE
KETH01,2001,2785,FALSE
LINX01,2001,8040,FALSE
LOPZ01,2001,6307,TRUE
MCBN01,2001,5307,FALSE
MCBY01,2001,10854,FALSE
MERL01,2001,3444,FALSE
MIDR01,2001,6162,TRUE
N18E01,2001,6644,TRUE
NMIT01,2001,8038,FALSE
NO1901,2001,3989,TRUE
NPOL01,2001,6399,TRUE
NRID01,2001,11581,TRUE
NWES01,2001,2942,FALSE
PINE01,2001,2963,FALSE
PLAZ01,2001,4452,TRUE
PMPE01,2001,2504,TRUE
PMPN01,2001,2038,TRUE
POLA01,2001,4582,TRUE
POWL01,2001,5096,TRUE
RUSS01,2001,8890,FALSE
SCOB01,2001,7843,TRUE
SCOP01,2001,6547,TRUE
SCRP01,2001,3231,FALSE
SFLA01,2001,3498,TRUE
SFLC01,2001,6201,TRUE
SFLS01,2001,5076,TRUE
SHIC01,2001,3190,TRUE
SORA01,2001,9128,TRUE
SWAL01,2001,2469,TRUE
SWSE01,2001,2134,TRUE
TP3901,2001,2939,TRUE
VALL01,2001,3038,TRUE
WAHO01,2001,10384,TRUE
WSIX01,2001,5301,FALSE
XRDS01,2001,7280,TRUE
ANGL02,2002,5076,TRUE
ANIS02,2002,2890,TRUE
ANNI02,2002,8390,TRUE
ASPH02,2002,4549,FALSE
BINX02,2002,6754,FALSE
BNCH02,2002,3175,TRUE
BTRN02,2002,2405,TRUE
CACT02,2002,7720,FALSE
CHOB02,2002,3225,FALSE
CHOP02,2002,5103,FALSE
CTRN02,2002,3638,TRUE
CURY02,2002,3253,TRUE
DICE02,2002,2914,TRUE
EAGR02,2002,2495,TRUE
EBAY02,2002,3248,TRUE
ELIN02,2002,9651,TRUE
FARS02,2002,6341,TRUE
FENC02,2002,5753,FALSE
HARY02,2002,3402,FALSE
HICE02,2002,4974,TRUE
HILD02,2002,2849,TRUE
HTOP02,2002,4274,TRUE
ILND02,2002,46,TRUE
JERE02,2002,6271,FALSE
LARY02,2002,1870,FALSE
LINX02,2002,6808,FALSE
LOOP02,2002,5475,TRUE
LOPZ02,2002,6247,TRUE
MCBY02,2002,8526,FALSE
MERL02,2002,4702,FALSE
N18E02,2002,6386,TRUE
N7RD02,2002,8004,TRUE
NATR02,2002,2952,TRUE
NBAY02,2002,1368,TRUE
NMIT02,2002,6934,FALSE
NO1902,2002,7742,TRUE
NPOL02,2002,4946,TRUE
NWES02,2002,3728,FALSE
NWTR02,2002,6185,TRUE
PINE02,2002,5351,FALSE
PLAZ02,2002,5160,TRUE
PMPE02,2002,3092,TRUE
POLA02,2002,6722,TRUE
POWL02,2002,4035,TRUE
PUMP02,2002,3661,TRUE
RUSS02,2002,3826,FALSE
SCOB02,2002,8365,TRUE
SCOP02,2002,9332,TRUE
SCRP02,2002,1374,FALSE
SFLA02,2002,5955,TRUE
SFLC02,2002,2852,TRUE
SFLS02,2002,4291,TRUE
SHIC02,2002,5516,TRUE
SLAK02,2002,2338,TRUE
SLOP02,2002,3720,TRUE
SORA02,2002,4472,TRUE
STAT02,2002,4542,FALSE
SWAL02,2002,5036,FALSE
SWSE02,2002,2356,TRUE
TP1102,2002,1655,TRUE
TP3902,2002,2809,TRUE
UTER02,2002,5691,TRUE
VALL02,2002,6112,TRUE
WAHO02,2002,10864,TRUE
WARY02,2002,2267,FALSE
WCOP02,2002,7075,TRUE
WMCB02,2002,5705,FALSE
WSIX02,2002,4107,FALSE
XRDS02,2002,9841,TRUE
ANIS03,2003,3759,TRUE
ANNI03,2003,9890,TRUE
ASPH03,2003,2773,TRUE
BIGL03,2003,11560,TRUE
BINX03,2003,5432,FALSE
BNCH03,2003,8125,TRUE
CACT03,2003,8161,FALSE
CHOB03,2003,5293,FALSE
CHOP03,2003,9694,FALSE
CTRN03,2003,5276,TRUE
CTRW03,2003,2750,TRUE
CURY03,2003,3277,TRUE
DICE03,2003,4653,TRUE
EBAY03,2003,4505,TRUE
ELIN03,2003,10453,TRUE
FARS03,2003,5487,TRUE
FENC03,2003,6669,FALSE
HICE03,2003,6037,TRUE
IBRN03,2003,4998,TRUE
JERE03,2003,4765,FALSE
LINX03,2003,9309,FALSE
LOOP03,2003,5885,TRUE
LOPZ03,2003,14368,TRUE
MARI03,2003,2091,FALSE
MCBY03,2003,6739,FALSE
MERL03,2003,4742,FALSE
MITA03,2003,6269,FALSE
N18E03,2003,5848,FALSE
N7RD03,2003,12025,TRUE
NO1903,2003,7385,TRUE
NPOL03,2003,3403,TRUE
NWES03,2003,5513,TRUE
PINE03,2003,4498,FALSE
PLAZ03,2003,5415,TRUE
POLA03,2003,7531,TRUE
POWL03,2003,5414,FALSE
RUSS03,2003,3748,FALSE
SCOB03,2003,6274,TRUE
SCOP03,2003,6050,TRUE
SCRP03,2003,3233,FALSE
SFLA03,2003,4055,TRUE
SFLC03,2003,4059,TRUE
SFLS03,2003,3984,TRUE
SHIC03,2003,7450,TRUE
SORA03,2003,5550,TRUE
SWAL03,2003,6195,FALSE
TP3903,2003,3130,TRUE
VALL03,2003,4506,TRUE
WAHO03,2003,6816,TRUE
WCOP03,2003,5551,TRUE
WSIX03,2003,10744,FALSE
XRDS03,2003,8386,TRUE
ANGL04,2004,3513,TRUE
ANNI04,2004,10350,TRUE
ASPH04,2004,3297,TRUE
BIGL04,2004,8963,TRUE
BINX04,2004,8000,FALSE
BNCH04,2004,3676,TRUE
CACT04,2004,7901,FALSE
CHOB04,2004,4716,FALSE
CHOP04,2004,1091,FALSE
CHOW04,2004,1156,FALSE
CRSM04,2004,6039,TRUE
CRSN04,2004,4400,FALSE
CTRN04,2004,7443,TRUE
CURY04,2004,3828,TRUE
DICE04,2004,4591,TRUE
EBAY04,2004,6188,TRUE
ELIN04,2004,7611,TRUE
FARS04,2004,5449,TRUE
FENC04,2004,7008,FALSE
HICE04,2004,11803,TRUE
JERE04,2004,5149,FALSE
KRIS04,2004,2663,FALSE
LINX04,2004,8963,FALSE
LOPZ04,2004,10298,TRUE
MARI04,2004,3320,FALSE
MATT04,2004,3976,TRUE
MCBY04,2004,6820,FALSE
MERL04,2004,6124,FALSE
MITA04,2004,4182,FALSE
N18E04,2004,5831,TRUE
N7RD04,2004,5378,TRUE
NO1904,2004,7379,TRUE
NPOL04,2004,3390,TRUE
NSWL04,2004,2676,TRUE
NWES04,2004,2848,FALSE
PEWE04,2004,1733,FALSE
PINE04,2004,4932,FALSE
PLAZ04,2004,7221,TRUE
POLA04,2004,4727,TRUE
POWL04,2004,5262,FALSE
RUSS04,2004,2947,FALSE
SAND04,2004,4273,TRUE
SCOB04,2004,6368,TRUE
SCOP04,2004,4072,TRUE
SCRP04,2004,3582,FALSE
SCUT04,2004,4645,TRUE
SFLA04,2004,3913,TRUE
SFLC04,2004,6902,TRUE
SFLS04,2004,5825,TRUE
SHIC04,2004,8235,TRUE
SLAK04,2004,5573,TRUE
SORA04,2004,4555,TRUE
SWAL04,2004,5080,FALSE
TARN04,2004,3357,TRUE
TP3904,2004,6092,TRUE
VALL04,2004,2764,TRUE
WAHO04,2004,7020,TRUE
WCOP04,2004,6133,TRUE
WCUL04,2004,2156,TRUE
WSIX04,2004,10068,FALSE
XRDS04,2004,8132,TRUE
ANGL05,2005,3743,TRUE
ANNI05,2005,6631,TRUE
ASPH05,2005,3401,TRUE
BIGL05,2005,11274,TRUE
BINX05,2005,6009,FALSE
BNCH05,2005,4378,TRUE
BUBO05,2005,3536,TRUE
CACT05,2005,4766,FALSE
CHOB05,2005,3159,FALSE
CHOP05,2005,6969,FALSE
COPS05,2005,5464,TRUE
CRSM05,2005,5453,TRUE
CRSN05,2005,8234,FALSE
CTRN05,2005,9188,TRUE
CURY05,2005,5932,TRUE
DICE05,2005,5785,TRUE
EBAY05,2005,6847,TRUE
FARS05,2005,6230,TRUE
FENC05,2005,4408,FALSE
HICE05,2005,3897,TRUE
JERE05,2005,5220,FALSE
LARR05,2005,5970,FALSE
LINX05,2005,3884,FALSE
LOPZ05,2005,11627,TRUE
MATT05,2005,3961,TRUE
MCBY05,2005,4588,FALSE
MERL05,2005,5821,FALSE
MITA05,2005,3808,TRUE
N18E05,2005,9248,TRUE
N7RD05,2005,8493,TRUE
NO1905,2005,6991,FALSE
NPOL05,2005,5703,TRUE
NSWL05,2005,3968,TRUE
NWES05,2005,2213,FALSE
PEWE05,2005,6176,FALSE
PINE05,2005,4942,FALSE
PLAZ05,2005,6295,TRUE
POLA05,2005,2763,TRUE
REED05,2005,6351,TRUE
SAND05,2005,8855,TRUE
SCOB05,2005,4736,TRUE
SCOP05,2005,6965,TRUE
SCRP05,2005,8015,FALSE
SCUT05,2005,5546,TRUE
SFLA05,2005,4575,TRUE
SFLC05,2005,7776,TRUE
SFLS05,2005,6719,TRUE
SFRR05,2005,4297,TRUE
SHIC05,2005,9530,TRUE
SLAK05,2005,6807,TRUE
SPIN05,2005,435,FALSE
SWAL05,2005,4190,FALSE
TP3905,2005,3698,TRUE
TRTL05,2005,2501,TRUE
VALL05,2005,4669,TRUE
WAHO05,2005,8011,TRUE
WCOP05,2005,6962,TRUE
WCUL05,2005,3509,TRUE
WLIN05,2005,3142,TRUE
WSIX05,2005,7856,FALSE
XRDS05,2005,8188,TRUE
ANGL06,2006,3951,TRUE
ANNI06,2006,5427,TRUE
ASPH06,2006,3584,TRUE
BECK06,2006,5496,TRUE
BIGL06,2006,5055,TRUE
BINX06,2006,6296,FALSE
BNCH06,2006,4097,TRUE
BUBO06,2006,4402,TRUE
CACT06,2006,4241,FALSE
CATE06,2006,6521,FALSE
CHIK06,2006,3188,FALSE
CHOP06,2006,4876,FALSE
CLAS06,2006,3161,TRUE
COPS06,2006,6655,TRUE
CRSM06,2006,4608,TRUE
CRSN06,2006,4405,FALSE
CTRN06,2006,5937,TRUE
CURY06,2006,4945,TRUE
DICE06,2006,7679,TRUE
EBAY06,2006,6717,TRUE
FARS06,2006,5625,TRUE
FENC06,2006,3056,FALSE
HEWT06,2006,1329,FALSE
HICE06,2006,5086,TRUE
JERE06,2006,1543,FALSE
LARR06,2006,6046,TRUE
LINX06,2006,3534,FALSE
LOPZ06,2006,4897,TRUE
MATT06,2006,3213,TRUE
MCBY06,2006,3478,FALSE
MERL06,2006,5514,FALSE
MITA06,2006,5500,FALSE
MRGO06,2006,5503,TRUE
N18E06,2006,14524,TRUE
N7RD06,2006,3553,TRUE
NBEN06,2006,4124,TRUE
NCHP06,2006,1061,FALSE
NMBY06,2006,1764,FALSE
NO1906,2006,7277,FALSE
NPOL06,2006,5517,TRUE
NRED06,2006,2797,TRUE
NSWL06,2006,5723,FALSE
NWES06,2006,3061,FALSE
NXRD06,2006,2243,TRUE
PEWE06,2006,4778,FALSE
PINE06,2006,4378,FALSE
PINS06,2006,1289,FALSE
PLAZ06,2006,5729,TRUE
POLA06,2006,4861,TRUE
RAUL06,2006,3377,TRUE
REED06,2006,5808,TRUE
SAND06,2006,8847,TRUE
SCAC06,2006,3015,FALSE
SCOB06,2006,4266,TRUE
SCOP06,2006,4580,TRUE
SCRP06,2006,3201,FALSE
SCUT06,2006,4731,TRUE
SFLA06,2006,3447,TRUE
SFLC06,2006,8264,TRUE
SFLS06,2006,8228,TRUE
SFRR06,2006,5348,TRUE
SHIC06,2006,9276,TRUE
SLAK06,2006,5872,TRUE
SNOP06,2006,2416,TRUE
SPIN06,2006,3493,FALSE
SR7006,2006,3189,TRUE
TP3906,2006,4159,TRUE
TRTL06,2006,5063,TRUE
TWEN06,2006,5480,FALSE
WAHO06,2006,4971,TRUE
WCAC06,2006,2047,FALSE
WCUL06,2006,3937,TRUE
WLIN06,2006,4532,TRUE
WSIX06,2006,4949,FALSE
XRDS06,2006,4659,TRUE
ANGL07,2007,2983,TRUE
ANNI07,2007,3910,TRUE
ASPH07,2007,4841,TRUE
BECK07,2007,2653,TRUE
BIGL07,2007,3051,TRUE
BINX07,2007,3996,FALSE
BNCH07,2007,2494,TRUE
BOBB07,2007,5039,TRUE
BUBO07,2007,5551,TRUE
CACT07,2007,3883,FALSE
CATE07,2007,5089,TRUE
CHET07,2007,4125,TRUE
CHOP07,2007,6394,FALSE
CLAS07,2007,5603,TRUE
COPS07,2007,6190,TRUE
CRSM07,2007,6044,TRUE
CRSN07,2007,4463,FALSE
CTRN07,2007,5795,TRUE
CURY07,2007,6662,TRUE
DICE07,2007,6434,TRUE
EBAY07,2007,6817,TRUE
FARS07,2007,4974,TRUE
FENC07,2007,1786,FALSE
FRED07,2007,1831,TRUE
HEWT07,2007,5637,FALSE
JERE07,2007,3277,FALSE
LARR07,2007,9397,TRUE
LOPZ07,2007,5177,TRUE
MATT07,2007,4067,TRUE
MCBY07,2007,3197,FALSE
MERL07,2007,2817,FALSE
MITA07,2007,4855,TRUE
N7RD07,2007,4323,TRUE
NBEN07,2007,2590,TRUE
NCHP07,2007,2051,FALSE
NMBY07,2007,6162,FALSE
NO1907,2007,4905,TRUE
NSWL07,2007,3287,FALSE
NWES07,2007,2181,FALSE
NXRD07,2007,2069,TRUE
PINE07,2007,5730,FALSE
PINS07,2007,2587,FALSE
PLAZ07,2007,6522,TRUE
POLA07,2007,4246,TRUE
RAUL07,2007,4904,TRUE
REED07,2007,12883,TRUE
ROSE07,2007,1815,TRUE
SAND07,2007,11994,TRUE
SCAC07,2007,3478,FALSE
SCOB07,2007,6791,TRUE
SCOP07,2007,9102,TRUE
SCRP07,2007,2877,FALSE
SCUT07,2007,5375,TRUE
SFLA07,2007,4021,TRUE
SFLC07,2007,4016,TRUE
SFLS07,2007,5059,TRUE
SFRR07,2007,9460,TRUE
SHED07,2007,2308,TRUE
SHIC07,2007,5042,TRUE
SLAK07,2007,7722,TRUE
SNOP07,2007,2784,TRUE
SR7007,2007,3363,TRUE
TP3907,2007,6653,TRUE
TRTL07,2007,4047,TRUE
TWEN07,2007,4787,FALSE
VALL07,2007,3208,TRUE
WAHO07,2007,4586,TRUE
WCAC07,2007,5594,FALSE
WCUL07,2007,4052,TRUE
WLIN07,2007,3283,TRUE
WSIX07,2007,4220,FALSE
WVAL07,2007,1780,TRUE
XRDS07,2007,3705,TRUE
ANGB08,2008,1487,TRUE
ANGL08,2008,4312,TRUE
ANNI08,2008,4619,TRUE
ASPH08,2008,3073,TRUE
ATNT08,2008,2730,TRUE
BECK08,2008,4144,FALSE
BIGL08,2008,4446,TRUE
BINX08,2008,4303,FALSE
BNCH08,2008,1571,TRUE
BOBB08,2008,11040,TRUE
BUBO08,2008,3668,TRUE
CABS08,2008,4034,TRUE
CATE08,2008,5696,FALSE
CHET08,2008,6467,TRUE
CHIK08,2008,4169,FALSE
CHOP08,2008,5760,FALSE
CIRC08,2008,4080,TRUE
CLAS08,2008,5473,TRUE
COPS08,2008,11667,TRUE
CRMB08,2008,2503,TRUE
CRSM08,2008,7350,TRUE
CRSN08,2008,4708,FALSE
CTRN08,2008,2836,TRUE
CURY08,2008,5804,TRUE
DEER08,2008,4497,TRUE
DICE08,2008,5353,TRUE
EAGR08,2008,3528,TRUE
EBAY08,2008,5136,TRUE
FARS08,2008,3798,TRUE
FENC08,2008,2398,FALSE
HEWT08,2008,7593,FALSE
HILD08,2008,4421,TRUE
HTOP08,2008,5216,TRUE
JANW08,2008,2355,TRUE
JERE08,2008,5294,FALSE
LARR08,2008,6840,TRUE
LOPZ08,2008,2970,TRUE
MATT08,2008,1574,TRUE
MERL08,2008,3457,FALSE
MITA08,2008,3724,TRUE
MOLY08,2008,5083,TRUE
N7RD08,2008,4593,TRUE
NASP08,2008,1906,TRUE
NBEN08,2008,5534,TRUE
NCHP08,2008,4186,FALSE
NMBY08,2008,5016,FALSE
NPOL08,2008,3042,TRUE
NSWL08,2008,5677,FALSE
NWES08,2008,3041,FALSE
NWTR08,2008,5289,TRUE
NXRD08,2008,4019,TRUE
PINE08,2008,5142,FALSE
PINS08,2008,2382,FALSE
PLAZ08,2008,6029,TRUE
PMPE08,2008,2913,TRUE
POLA08,2008,4634,TRUE
RATL08,2008,1681,TRUE
RAUL08,2008,4094,TRUE
REED08,2008,7736,TRUE
ROSE08,2008,2240,TRUE
RTHA08,2008,2003,TRUE
SAND08,2008,9064,TRUE
SCAC08,2008,6063,FALSE
SCOB08,2008,4791,TRUE
SCRP08,2008,5937,FALSE
SCTB08,2008,3341,FALSE
SCUT08,2008,4436,TRUE
SFCC08,2008,2669,FALSE
SFLA08,2008,3302,TRUE
SFLS08,2008,3868,TRUE
SFLW08,2008,6759,TRUE
SFRR08,2008,7018,TRUE
SHIC08,2008,3634,TRUE
SLAK08,2008,3188,TRUE
SR7008,2008,3099,TRUE
SWSE08,2008,2609,TRUE
TP3908,2008,9455,TRUE
TRTL08,2008,4708,TRUE
TWEN08,2008,6038,FALSE
VALL08,2008,3232,TRUE
WCAC08,2008,5826,FALSE
WCUL08,2008,1833,TRUE
WLIN08,2008,3908,TRUE
WSIX08,2008,2056,FALSE
WVAL08,2008,2410,TRUE
XRDS08,2008,1939,TRUE
ANGL09,2009,4994,TRUE
ANNI09,2009,4169,TRUE
ATNT09,2009,3125,TRUE
BIGL09,2009,5139,TRUE
BINX09,2009,10151,FALSE
BNCH09,2009,4753,TRUE
BOBB09,2009,5217,TRUE
BUBO09,2009,4946,FALSE
CATB09,2009,4129,FALSE
CATE09,2009,7563,FALSE
CHET09,2009,8491,TRUE
CIRC09,2009,4155,TRUE
CLAS09,2009,3555,TRUE
COPS09,2009,11362,TRUE
CRSM09,2009,9204,TRUE
CRSN09,2009,5031,FALSE
CURY09,2009,5184,TRUE
DEER09,2009,1506,TRUE
DICE09,2009,11957,TRUE
EAGR09,2009,2070,TRUE
EBAY09,2009,7926,TRUE
FARS09,2009,7207,TRUE
FENC09,2009,4030,FALSE
HEWT09,2009,9886,FALSE
HTOP09,2009,5489,TRUE
JANW09,2009,5552,TRUE
LARR09,2009,6804,TRUE
LOPZ09,2009,4849,TRUE
MATT09,2009,4263,TRUE
MERL09,2009,4854,FALSE
MOLY09,2009,6981,TRUE
N7RD09,2009,5325,TRUE
NASP09,2009,4196,TRUE
NBEN09,2009,4621,TRUE
NCHP09,2009,7114,FALSE
NPOL09,2009,3238,TRUE
NSWL09,2009,7511,FALSE
NWES09,2009,2860,FALSE
NWTR09,2009,6458,TRUE
NXRD09,2009,4596,TRUE
PINS09,2009,4792,FALSE
PITA09,2009,7072,TRUE
PLAZ09,2009,6520,TRUE
PMPE09,2009,11243,TRUE
POLA09,2009,4922,TRUE
RATL09,2009,3258,TRUE
RAUL09,2009,6665,TRUE
REED09,2009,8487,TRUE
ROSE09,2009,3604,TRUE
SAND09,2009,11362,TRUE
SCAC09,2009,5157,FALSE
SCOB09,2009,8875,TRUE
SCRP09,2009,4935,FALSE
SCUT09,2009,3450,TRUE
SF9909,2009,7305,TRUE
SFLA09,2009,3175,TRUE
SFLC09,2009,4933,TRUE
SFLS09,2009,3899,TRUE
SFLW09,2009,3814,TRUE
SHIC09,2009,4570,TRUE
SR7009,2009,3521,TRUE
TP1109,2009,2424,TRUE
TP3909,2009,7006,TRUE
TRTL09,2009,4523,TRUE
VALL09,2009,2748,TRUE
WCAC09,2009,5503,FALSE
WCUL09,2009,3142,FALSE
WLIN09,2009,2895,FALSE
WVAL09,2009,5256,TRUE
ANGB10,2010,3940,TRUE
ANGL10,2010,4391,TRUE
ATNT10,2010,3407,TRUE
BIGL10,2010,5453,TRUE
BINX10,2010,4962,FALSE
BNCH10,2010,3862,TRUE
BOBB10,2010,8030,TRUE
BUBO10,2010,4987,TRUE
CABS10,2010,3776,TRUE
CATB10,2010,4485,FALSE
CATE10,2010,5528,FALSE
CHET10,2010,7869,TRUE
CIRC10,2010,4373,TRUE
CLAS10,2010,5723,TRUE
COPS10,2010,8016,TRUE
CRSM10,2010,6004,TRUE
CRSN10,2010,6319,FALSE
CURY10,2010,7880,TRUE
DEER10,2010,5195,TRUE
DICE10,2010,10606,TRUE
EAGR10,2010,2179,TRUE
EBAY10,2010,8081,TRUE
FARS10,2010,3940,TRUE
FENC10,2010,4323,FALSE
FNCY10,2010,3223,TRUE
FRED10,2010,2235,TRUE
HARY10,2010,3822,TRUE
HEWT10,2010,8528,FALSE
HILD10,2010,1050,TRUE
HTOP10,2010,4788,TRUE
ISLA10,2010,5505,FALSE
JANW10,2010,2904,TRUE
JERE10,2010,4979,TRUE
LARR10,2010,6104,TRUE
LOPZ10,2010,6896,TRUE
MERL10,2010,6723,FALSE
MOLY10,2010,6065,TRUE
N7RD10,2010,7635,TRUE
NASP10,2010,5509,TRUE
NBEN10,2010,3916,TRUE
NPOL10,2010,2590,TRUE
NSWL10,2010,6127,FALSE
NWES10,2010,4640,FALSE
NWTR10,2010,7145,TRUE
NXRD10,2010,4966,TRUE
PINS10,2010,7048,FALSE
PITA10,2010,6094,TRUE
PLAZ10,2010,6914,TRUE
PMPE10,2010,3185,TRUE
POLA10,2010,5907,TRUE
RATL10,2010,2703,TRUE
RAUL10,2010,5461,TRUE
REED10,2010,9358,TRUE
ROSE10,2010,7065,TRUE
SAND10,2010,9205,TRUE
SCAC10,2010,5936,FALSE
SCOB10,2010,6701,TRUE
SCRP10,2010,3842,FALSE
SFBS10,2010,3106,TRUE
SFLA10,2010,4999,TRUE
SFLC10,2010,3669,TRUE
SFLS10,2010,2884,TRUE
SFLW10,2010,12048,TRUE
SHIC10,2010,3597,TRUE
SING10,2010,3469,TRUE
SR7010,2010,4364,TRUE
SWSE10,2010,2430,TRUE
TP1110,2010,4174,TRUE
TP3910,2010,5102,TRUE
TRTL10,2010,7306,TRUE
TWEN10,2010,5246,FALSE
VALL10,2010,3171,TRUE
WCAC10,2010,5902,FALSE
WCUL10,2010,5848,FALSE
WLIN10,2010,2306,TRUE
WVAL10,2010,3807,TRUE
ANGB11,2011,6023,TRUE
ANGL11,2011,6245,FALSE
ATNT11,2011,712,FALSE
BCHB11,2011,1265,TRUE
BEAR11,2011,2192,TRUE
BIGL11,2011,6950,TRUE
BINX11,2011,6798,FALSE
BLAR11,2011,1664,TRUE
BNCH11,2011,2619,TRUE
BOBB11,2011,6909,TRUE
BUBO11,2011,4775,FALSE
CABS11,2011,5498,TRUE
CATB11,2011,6054,FALSE
CATE11,2011,4725,FALSE
CHET11,2011,5156,TRUE
CHSR11,2011,910,TRUE
CHTB11,2011,1955,TRUE
CIRC11,2011,1872,TRUE
CLAS11,2011,5924,TRUE
COPS11,2011,9973,TRUE
COTG11,2011,2248,TRUE
CRMB11,2011,1244,TRUE
CRSM11,2011,6044,TRUE
CRSN11,2011,2179,FALSE
CURY11,2011,7926,TRUE
DEER11,2011,6221,TRUE
DICE11,2011,9979,TRUE
EAGB11,2011,992,TRUE
EAGR11,2011,2959,TRUE
EBAY11,2011,5855,TRUE
FENC11,2011,3623,FALSE
FNCY11,2011,1991,TRUE
FRED11,2011,4050,TRUE
HARY11,2011,3503,TRUE
HEWT11,2011,5193,FALSE
HILD11,2011,1964,TRUE
HTOP11,2011,3715,TRUE
ISLA11,2011,6117,FALSE
JANW11,2011,5247,TRUE
JERE11,2011,4315,TRUE
LARR11,2011,6293,TRUE
LOPZ11,2011,7772,TRUE
MERL11,2011,6080,FALSE
MITA11,2011,826,TRUE
MOLY11,2011,4969,TRUE
NBEN11,2011,4879,TRUE
NPOL11,2011,3503,TRUE
NRXD11,2011,6844,TRUE
NSWL11,2011,4224,FALSE
NURS11,2011,3564,TRUE
NWES11,2011,4104,FALSE
NWTR11,2011,5582,TRUE
PINE11,2011,5199,FALSE
PINS11,2011,7355,FALSE
PITA11,2011,3241,TRUE
PLAZ11,2011,7340,TRUE
PMPE11,2011,3193,TRUE
POLA11,2011,6064,TRUE
RATL11,2011,3257,TRUE
RAUL11,2011,5198,TRUE
REED11,2011,9144,TRUE
ROSE11,2011,5373,TRUE
SAND11,2011,7778,TRUE
SCAC11,2011,6997,FALSE
SCOB11,2011,4366,TRUE
SCRP11,2011,1693,FALSE
SFBS11,2011,4681,TRUE
SFLA11,2011,4878,TRUE
SFLC11,2011,2383,TRUE
SFLS11,2011,4288,TRUE
SFLW11,2011,10421,TRUE
SHIC11,2011,4146,TRUE
SING11,2011,3717,TRUE
SWSE11,2011,3449,TRUE
TP1111,2011,4661,TRUE
TP3911,2011,5117,TRUE
TRTL11,2011,6750,TRUE
TWEN11,2011,5804,FALSE
VALL11,2011,4188,TRUE
WCAC11,2011,5291,FALSE
WLIN11,2011,3873,FALSE
WVAL11,2011,4460,TRUE
ANGB12,2012,7492,TRUE
ANGL12,2012,6051,TRUE
BIGL12,2012,7699,TRUE
BINX12,2012,7396,FALSE
BLAR12,2012,3031,TRUE
BNCH12,2012,3025,TRUE
BOBB12,2012,8122,TRUE
BUBO12,2012,4460,FALSE
CABS12,2012,5473,TRUE
CATB12,2012,6376,FALSE
CATE12,2012,5019,FALSE
CHET12,2012,4911,TRUE
CHTB12,2012,2109,TRUE
CHUR12,2012,2077,TRUE
CIRB12,2012,1102,TRUE
CIRC12,2012,2076,TRUE
CLAS12,2012,6074,TRUE
COPS12,2012,7724,TRUE
COTG12,2012,2977,TRUE
CRMB12,2012,3265,TRUE
CRSM12,2012,5327,TRUE
CRSN12,2012,3463,FALSE
CURY12,2012,6370,TRUE
DEER12,2012,6652,TRUE
DICE12,2012,9374,TRUE
EAGB12,2012,1896,TRUE
EAGR12,2012,1527,TRUE
EBAY12,2012,8517,TRUE
FENC12,2012,5072,FALSE
FNCY12,2012,1586,TRUE
FRED12,2012,3026,TRUE
HARY12,2012,5770,FALSE
HEWT12,2012,8426,FALSE
HILD12,2012,2809,TRUE
HTOP12,2012,2707,TRUE
ISLA12,2012,2314,FALSE
JANW12,2012,7901,TRUE
JERE12,2012,4831,TRUE
LARR12,2012,3268,TRUE
LOPZ12,2012,6488,TRUE
MERL12,2012,7201,FALSE
MOLY12,2012,6177,TRUE
NBEN12,2012,8764,TRUE
NENE12,2012,10726,TRUE
NPOL12,2012,5140,TRUE
NSWL12,2012,2415,FALSE
NURS12,2012,4636,TRUE
NWES12,2012,2739,FALSE
NWTR12,2012,6588,TRUE
NXRD12,2012,4712,TRUE
PINS12,2012,9420,FALSE
PITA12,2012,4285,TRUE
PLAZ12,2012,9246,TRUE
POLA12,2012,2344,TRUE
RATL12,2012,4195,FALSE
RAUL12,2012,8776,TRUE
REED12,2012,7725,TRUE
ROSE12,2012,3984,TRUE
SAND12,2012,3038,TRUE
SCAB12,2012,1005,TRUE
SCAC12,2012,6848,FALSE
SCOB12,2012,6872,TRUE
SCRP12,2012,4028,FALSE
SFBS12,2012,4696,TRUE
SFLA12,2012,11065,TRUE
SFLC12,2012,3120,TRUE
SFLS12,2012,4605,TRUE
SHIC12,2012,5912,TRUE
SING12,2012,4511,TRUE
SWSE12,2012,5629,TRUE
TP3912,2012,6533,TRUE
TRTL12,2012,6351,TRUE
TWEN12,2012,6407,FALSE
VALL12,2012,7058,FALSE
WCAC12,2012,3541,FALSE
WLIN12,2012,4107,FALSE
WVAL12,2012,5009,TRUE
ANGB13,2013,5333,TRUE
ANGL13,2013,4030,TRUE
BEBY13,2013,2949,TRUE
BIGL13,2013,7422,TRUE
BINX13,2013,6465,FALSE
BLAR13,2013,4877,TRUE
BLRB13,2013,1696,TRUE
BNCH13,2013,4898,TRUE
BOBB13,2013,10092,TRUE
BUBO13,2013,3984,TRUE
CABS13,2013,7791,TRUE
CATB13,2013,8277,FALSE
CATE13,2013,4797,FALSE
CHET13,2013,2043,TRUE
CHTB13,2013,5133,TRUE
CHUR13,2013,4363,FALSE
CIRC13,2013,1556,TRUE
CLAS13,2013,4571,TRUE
COPS13,2013,8356,TRUE
COTG13,2013,2570,TRUE
CRMB13,2013,3193,TRUE
CRSM13,2013,7254,TRUE
CRSN13,2013,5152,FALSE
CURY13,2013,4785,TRUE
DEER13,2013,6652,TRUE
DICE13,2013,7267,TRUE
EAGB13,2013,1950,TRUE
EAGR13,2013,1225,TRUE
EBAY13,2013,4390,TRUE
FARS13,2013,7441,TRUE
FENC13,2013,5487,FALSE
FNCY13,2013,2920,TRUE
FRED13,2013,3586,TRUE
HARY13,2013,4223,FALSE
HEWT13,2013,5069,FALSE
HTOP13,2013,2087,TRUE
ISLA13,2013,5329,FALSE
JANW13,2013,3510,TRUE
JERE13,2013,4665,TRUE
JHNN13,2013,1455,TRUE
LOPZ13,2013,5933,TRUE
MERL13,2013,4110,FALSE
MOLY13,2013,4940,TRUE
N18E13,2013,6106,TRUE
N7RD13,2013,3998,TRUE
NASP13,2013,4598,TRUE
NBEN13,2013,6115,TRUE
NENE13,2013,6550,TRUE
NPOL13,2013,3727,TRUE
NSWL13,2013,3012,FALSE
NURS13,2013,5228,TRUE
NWES13,2013,3899,FALSE
NWTR13,2013,5348,TRUE
NXRD13,2013,2037,TRUE
PINE13,2013,4612,FALSE
PINS13,2013,9014,FALSE
PITA13,2013,2444,TRUE
PLAZ13,2013,6762,TRUE
PMPE13,2013,2741,TRUE
RATL13,2013,4042,FALSE
RAUL13,2013,12011,TRUE
REDB13,2013,1313,FALSE
REED13,2013,6239,TRUE
ROSE13,2013,3355,TRUE
SAND13,2013,6286,TRUE
SCAC13,2013,6915,FALSE
SCOB13,2013,9493,TRUE
SCRP13,2013,4937,FALSE
SFBS13,2013,6594,TRUE
SFLA13,2013,2194,TRUE
SFLC13,2013,2822,TRUE
SFLS13,2013,8459,TRUE
SHIC13,2013,6801,TRUE
SING13,2013,4289,TRUE
SWSE13,2013,4791,TRUE
TP1113,2013,2733,FALSE
TP3913,2013,7121,TRUE
TRTL13,2013,5353,TRUE
TWEN13,2013,5613,FALSE
VALL13,2013,2547,TRUE
WCAC13,2013,2973,FALSE
WCOP13,2013,1232,FALSE
WCPR13,2013,2602,TRUE
WLIN13,2013,4148,FALSE
WVAL13,2013,3456,TRUE
ANGB14,2014,2226,TRUE
ANNI14,2014,7182,TRUE
BEBY14,2014,4349,TRUE
BIGL14,2014,4918,TRUE
BINX14,2014,7593,FALSE
BLRB14,2014,3379,TRUE
BNCH14,2014,4738,TRUE
BOBB14,2014,10748,TRUE
CATB14,2014,5017,FALSE
CATE14,2014,7983,FALSE
CHET14,2014,3430,TRUE
CHUR14,2014,9486,FALSE
CIRC14,2014,1413,TRUE
CLAS14,2014,4757,TRUE
COPS14,2014,9566,TRUE
COTG14,2014,2968,TRUE
CRMB14,2014,2612,TRUE
CRSM14,2014,5422,TRUE
CRSN14,2014,4255,FALSE
CURY14,2014,5475,TRUE
DEER14,2014,6055,TRUE
DICE14,2014,6345,TRUE
EAGB14,2014,2398,TRUE
EAGR14,2014,2837,TRUE
EBAY14,2014,5092,TRUE
ELIN14,2014,3810,TRUE
FENC14,2014,5203,FALSE
FNCY14,2014,4331,TRUE
FRED14,2014,7045,TRUE
HARY14,2014,7456,FALSE
HEWT14,2014,6788,FALSE
ISLA14,2014,2386,FALSE
JANN14,2014,457,TRUE
JANW14,2014,3192,TRUE
JERE14,2014,8205,TRUE
LOPZ14,2014,7188,TRUE
MERL14,2014,4708,FALSE
MIDS14,2014,5478,TRUE
MOLY14,2014,6126,TRUE
N18E14,2014,11780,TRUE
N7RD14,2014,4675,TRUE
NASP14,2014,3298,TRUE
NBEN14,2014,4946,TRUE
NBNB14,2014,3306,TRUE
NENE14,2014,4238,TRUE
NPOL14,2014,4001,TRUE
NSWL14,2014,3855,FALSE
NURS14,2014,4326,FALSE
NWES14,2014,4665,FALSE
NWTR14,2014,5344,TRUE
PINE14,2014,9940,FALSE
PINS14,2014,7188,FALSE
PITA14,2014,1956,TRUE
PLAZ14,2014,8466,TRUE
PMPE14,2014,1997,TRUE
RATL14,2014,5793,TRUE
RAUL14,2014,4027,TRUE
REED14,2014,6122,TRUE
ROSE14,2014,4588,TRUE
SAND14,2014,6062,TRUE
SCOB14,2014,9532,TRUE
SCRP14,2014,5194,FALSE
SFLA14,2014,4836,TRUE
SFLC14,2014,2646,TRUE
SFLS14,2014,4689,TRUE
SHIC14,2014,7833,TRUE
SING14,2014,4117,TRUE
SLAK14,2014,1344,TRUE
SWSE14,2014,4826,TRUE
TP1114,2014,4270,TRUE
TP3914,2014,6049,TRUE
TRTL14,2014,10170,TRUE
TWEN14,2014,5400,FALSE
VALL14,2014,2197,TRUE
WCOP14,2014,3190,FALSE
WCPR14,2014,1778,TRUE
WLIN14,2014,4976,FALSE
WVAL14,2014,4538,TRUE
