ID,Band,AcID,FirstYr,FirstDateBred,LastObsDate,AgeFirstBreed,AgeKnown,Sex,SexInd,Days
-GSW,793-09760,349,1982,2/1/1982,11/12/1987,6,Y,M,1,2110
P-SA,793-09803,391,1982,3/27/1982,10/7/1983,7,N,M,1,559
SYR-,793-09858,446,1982,4/1/1982,5/10/1983,5,Y,M,1,404
-SYW,793-09885,472,1980,5/15/1980,4/15/1990,2,Y,M,1,3622
OZ-W,1013-63369,742,1994,4/17/1994,4/14/1998,2,Y,M,1,1458
YZ-OK,1013-63445,774,1994,4/19/1994,11/12/2002,2,Y,M,1,3129
YZ-OK,1013-63445,774,1994,4/19/1994,11/12/2002,2,Y,M,1,3129
B-FQ,1043-44204,777,1997,3/24/1997,7/10/1997,2,N,M,1,108
B-FQ,1043-44204,777,1997,3/24/1997,7/10/1997,2,N,M,1,108
B-FQ,1043-44204,777,1997,3/24/1997,7/10/1997,2,N,M,1,108
F-PM,1043-44205,778,1997,4/10/1997,12/13/1997,2,N,M,1,247
F-YQ,1043-44207,780,1997,3/15/1997,6/14/2001,2,N,M,1,1552
L-PC,1043-44209,782,1997,4/6/1997,2/18/1998,2,N,M,1,318
L-PC,1043-44209,782,1997,4/6/1997,2/18/1998,2,N,M,1,318
ZBW-,1043-44215,789,1999,4/6/1999,7/11/2008,2,Y,M,1,3384
ZBW-,1043-44215,789,1999,4/6/1999,7/11/2008,2,Y,M,1,3384
ZGR-,1043-44222,796,2001,3/9/2001,6/14/2001,4,Y,M,1,97
ZOG-,1043-44237,811,2001,4/6/2001,8/22/2012,4,Y,M,1,4156
ZGW-,1043-44253,827,2000,4/10/2000,2/12/2001,3,Y,M,1,308
ZOO-,1043-44300,874,1999,3/30/1999,7/11/2002,2,Y,M,1,1199
ZOO-,1043-44300,874,1999,3/30/1999,7/11/2002,2,Y,M,1,1199
R-LC,1043-80105,879,1989,4/4/1989,8/15/1989,3,N,M,1,133
R-LC,1043-80105,879,1989,4/4/1989,8/15/1989,3,N,M,1,133
SFW=,1043-80108,882,1990,3/7/1990,12/13/1991,3,Y,M,1,646
Y-RC,1043-80117,891,1990,4/24/1990,5/17/1990,4,N,M,1,23
Y-RC,1043-80117,891,1990,4/24/1990,5/17/1990,4,N,M,1,23
Y-GC,1043-80118,892,1988,4/7/1988,8/15/1989,2,N,M,1,495
Y-BC,1043-80120,894,1988,5/4/1988,4/14/1998,2,N,M,1,3632
Y-LC,1043-80123,897,1988,4/19/1988,10/11/1989,2,N,M,1,540
-SWO,1043-80125,899,1990,3/15/1990,10/16/1991,2,Y,M,1,580
-SWO,1043-80125,899,1990,3/15/1990,10/16/1991,2,Y,M,1,580
-SAO,1043-80139,913,1991,3/14/1991,2/12/1995,3,Y,M,1,1431
-SOF,1043-80142,916,1990,5/2/1990,7/16/1992,2,Y,M,1,806
-SOF,1043-80142,916,1990,5/2/1990,7/16/1992,2,Y,M,1,806
-SWF,1043-80143,917,1991,3/22/1991,11/13/1991,3,Y,M,1,236
-SRF,1043-80144,918,1991,5/2/1991,6/12/1996,3,Y,M,1,1868
-SRF,1043-80144,918,1991,5/2/1991,6/12/1996,3,Y,M,1,1868
-SRL,1043-80151,925,1990,4/6/1990,4/14/1993,2,Y,M,1,1104
-SBP,1043-80161,935,1991,3/21/1991,1/18/1992,3,Y,M,1,303
-SBP,1043-80161,935,1991,3/21/1991,1/18/1992,3,Y,M,1,303
-SBP,1043-80161,935,1991,3/21/1991,1/18/1992,3,Y,M,1,303
-SBP,1043-80161,935,1991,3/21/1991,1/18/1992,3,Y,M,1,303
B-FC,1043-80177,951,1988,5/5/1988,3/16/1995,2,N,M,1,2506
-SLF,1043-80180,954,1990,5/5/1990,1/18/1992,2,Y,M,1,623
-SOP,1043-80188,962,1990,4/18/1990,5/19/1992,2,Y,M,1,762
-SOP,1043-80188,962,1990,4/18/1990,5/19/1992,2,Y,M,1,762
G-CY,1043-80217,991,1989,2/1/1989,6/11/1991,3,N,M,1,860
=SLB,1043-80240,1003,1991,3/16/1991,6/30/1993,3,Y,M,1,837
-ZWG,1043-90501,1038,2000,4/11/2000,10/11/2000,2,Y,M,1,183
-ZWG,1043-90501,1038,2000,4/11/2000,10/11/2000,2,Y,M,1,183
-ZWG,1043-90501,1038,2000,4/11/2000,10/11/2000,2,Y,M,1,183
-ZRG,1043-90502,1039,2000,4/1/2000,4/11/2000,2,Y,M,1,10
-ZYY,1043-90515,1052,2001,4/11/2001,11/13/2001,3,Y,M,1,216
-ZYY,1043-90515,1052,2001,4/11/2001,11/13/2001,3,Y,M,1,216
-ZLY,1043-90521,1058,2001,4/16/2001,12/10/2002,3,Y,M,1,603
-ZLY,1043-90521,1058,2001,4/16/2001,12/10/2002,3,Y,M,1,603
-ZLY,1043-90521,1058,2001,4/16/2001,12/10/2002,3,Y,M,1,603
-ZWW,1043-90540,1077,2000,4/5/2000,11/14/2005,2,Y,M,1,2049
-ZWW,1043-90540,1077,2000,4/5/2000,11/14/2005,2,Y,M,1,2049
=SBG,1053-14402,1115,1991,3/28/1991,6/11/1991,3,Y,M,1,75
-SWA,1053-14420,1133,1991,3/24/1991,6/15/1998,3,Y,M,1,2640
-SWA,1053-14420,1133,1991,3/24/1991,6/15/1998,3,Y,M,1,2640
P-CR,1053-14467,1179,1991,3/15/1991,10/17/1993,4,N,M,1,947
SL-L,1053-14499,1206,1986,4/22/1986,5/17/1990,2,Y,M,1,1486
-WGS,1053-56501,1208,1983,3/15/1983,5/19/1992,3,Y,M,1,3353
GAS-,1053-56503,1210,1991,3/16/1991,8/12/1994,10,Y,M,1,1245
GPS-,1053-56510,1217,1984,4/2/1984,5/17/1990,3,Y,M,1,2236
GPS-,1053-56510,1217,1984,4/2/1984,5/17/1990,3,Y,M,1,2236
511C,1053-56511,1218,1989,4/9/1989,6/15/1994,2,N,M,1,1893
L-RC,1053-56512,1219,1989,4/8/1989,12/14/1989,2,N,M,1,250
BG-Z,1053-56537,1244,1991,4/2/1991,11/11/1992,2,Y,M,1,589
LG-Z,1053-56561,1270,1991,4/5/1991,10/16/1991,2,Y,M,1,194
WG-Z,1053-56566,1275,1991,4/12/1991,3/17/1994,2,Y,M,1,1070
L-GC,1053-56664,1373,1989,2/1/1989,3/17/1998,2,N,M,1,3331
L-GC,1053-56664,1373,1989,2/1/1989,3/17/1998,2,N,M,1,3331
B-OC,1053-56724,1436,1991,3/23/1991,4/17/1992,3,N,M,1,391
-PGZ,1053-56766,1478,1993,3/18/1993,10/10/1996,3,Y,M,1,1302
-PGZ,1053-56766,1478,1993,3/18/1993,10/10/1996,3,Y,M,1,1302
-GYZ,1053-56771,1483,1993,4/7/1993,8/10/1997,3,Y,M,1,1586
-BRZ,1053-56773,1485,1992,5/4/1992,8/13/1992,2,Y,M,1,101
-WRZ,1053-56784,1495,1994,4/9/1994,11/10/1994,4,Y,M,1,215
-RRZ,1053-56785,1496,1993,3/19/1993,4/14/1998,3,Y,M,1,1852
-APZ,1053-56787,1498,1992,4/13/1992,5/19/1992,2,Y,M,1,36
-AGZ,1053-56788,1499,1994,4/4/1994,11/13/1999,4,Y,M,1,2049
Y-YQ,1713-49393,1522,2002,3/21/2002,2/13/2013,2,N,M,1,3982
Y-YQ,1713-49393,1522,2002,3/21/2002,2/13/2013,2,N,M,1,3982
Y-YQ,1713-49393,1522,2002,3/21/2002,2/13/2013,2,N,M,1,3982
WC-W,1063-42815,1525,2004,3/26/2004,8/10/2006,2,Y,M,1,867
RC-W,1063-42816,1526,2005,3/29/2005,6/11/2014,3,Y,M,1,3361
RC-W,1063-42816,1526,2005,3/29/2005,6/11/2014,3,Y,M,1,3361
RC-W,1063-42816,1526,2005,3/29/2005,6/11/2014,3,Y,M,1,3361
YC-G,1063-42826,1536,2003,4/1/2003,11/14/2006,1,Y,M,1,1323
BC-G,1063-42827,1537,2004,3/28/2004,6/17/2015,2,Y,M,1,4098
BC-G,1063-42827,1537,2004,3/28/2004,6/17/2015,2,Y,M,1,4098
BC-G,1063-42827,1537,2004,3/28/2004,6/17/2015,2,Y,M,1,4098
GC-R,1063-42829,1539,2005,4/2/2005,1/15/2008,3,Y,M,1,1018
OC-R,1713-89758,1543,2005,4/1/2005,12/15/2014,3,Y,M,1,3545
OC-R,1713-89758,1543,2005,4/1/2005,12/15/2014,3,Y,M,1,3545
AC-L,1063-42840,1550,2006,4/1/2006,7/13/2006,4,Y,M,1,103
AC-L,1063-42840,1550,2006,4/1/2006,7/13/2006,4,Y,M,1,103
PC-WH,1063-42847,1557,2004,4/7/2004,5/10/2006,2,Y,M,1,763
LC-O,1063-42848,1558,2005,3/21/2005,11/12/2014,3,Y,M,1,3523
WC-G,1063-42853,1563,2004,3/22/2004,11/14/2005,2,Y,M,1,602
WC-G,1063-42853,1563,2004,3/22/2004,11/14/2005,2,Y,M,1,602
FC-P,1063-42868,1578,2004,3/26/2004,4/14/2004,2,Y,M,1,19
PC-Y,1713-13337,1581,2004,3/28/2004,11/13/2013,2,Y,M,1,3517
AC-W,1063-42880,1590,2004,3/25/2004,12/16/2009,2,Y,M,1,2092
AC-W,1063-42880,1590,2004,3/25/2004,12/16/2009,2,Y,M,1,2092
GC-A,1063-42888,1598,2004,4/1/2004,11/14/2006,2,Y,M,1,957
GC-A,1063-42888,1598,2004,4/1/2004,11/14/2006,2,Y,M,1,957
WC-B,1063-42893,1603,2004,3/23/2004,10/13/2004,2,Y,M,1,204
WC-B,1063-42893,1603,2004,3/23/2004,10/13/2004,2,Y,M,1,204
WC-B,1063-42893,1603,2004,3/23/2004,10/13/2004,2,Y,M,1,204
WC-B,1063-42893,1603,2004,3/23/2004,10/13/2004,2,Y,M,1,204
WC-B,1063-42893,1603,2004,3/23/2004,10/13/2004,2,Y,M,1,204
YC-P,1063-42896,1606,2004,3/23/2004,12/13/2006,2,Y,M,1,995
YC-P,1063-42896,1606,2004,3/23/2004,12/13/2006,2,Y,M,1,995
OC-Y,1063-42899,1609,2006,3/21/2006,10/14/2009,4,Y,M,1,1303
WC-PU,1063-43034,1613,2005,4/11/2005,9/14/2011,3,Y,M,1,2347
GC-P,1063-43107,1621,2004,5/10/2004,8/12/2004,2,Y,M,1,94
GC-P,1063-43107,1621,2004,5/10/2004,8/12/2004,2,Y,M,1,94
GC-O,1063-43114,1628,2004,3/30/2004,6/13/2005,2,Y,M,1,440
GC-O,1063-43114,1628,2004,3/30/2004,6/13/2005,2,Y,M,1,440
GC-O,1063-43114,1628,2004,3/30/2004,6/13/2005,2,Y,M,1,440
B-OQ,1063-43115,1629,2002,3/19/2002,4/14/2009,1,N,M,1,2583
BC-O,1063-43116,1630,2008,3/17/2008,1/19/2011,6,Y,M,1,1038
BC-O,1063-43116,1630,2008,3/17/2008,1/19/2011,6,Y,M,1,1038
BC-O,1063-43116,1630,2008,3/17/2008,1/19/2011,6,Y,M,1,1038
BC-L,1063-43122,1636,2004,4/3/2004,9/11/2007,2,Y,M,1,1256
BC-L,1063-43122,1636,2004,4/3/2004,9/11/2007,2,Y,M,1,1256
OC-fH,1063-43130,1644,2004,3/26/2004,5/11/2011,2,Y,M,1,2602
OC-fH,1063-43130,1644,2004,3/26/2004,5/11/2011,2,Y,M,1,2602
LC-A,1063-43151,1665,2004,3/20/2004,2/15/2006,2,Y,M,1,697
LC-A,1063-43151,1665,2004,3/20/2004,2/15/2006,2,Y,M,1,697
LC-A,1063-43151,1665,2004,3/20/2004,2/15/2006,2,Y,M,1,697
AC-A,1063-43153,1667,2004,3/21/2004,6/16/2008,2,Y,M,1,1548
fHC-fH,1063-43160,1674,2007,3/28/2007,7/20/2011,5,Y,M,1,1575
P-GQ,1063-43179,1693,2000,4/11/2000,6/14/2001,3,N,M,1,429
P-GQ,1063-43179,1693,2000,4/11/2000,6/14/2001,3,N,M,1,429
-BZL,1063-43188,1702,1999,3/31/1999,9/10/2002,3,Y,M,1,1259
-BZL,1063-43188,1702,1999,3/31/1999,9/10/2002,3,Y,M,1,1259
-BZL,1063-43188,1702,1999,3/31/1999,9/10/2002,3,Y,M,1,1259
-BZL,1063-43188,1702,1999,3/31/1999,9/10/2002,3,Y,M,1,1259
-PZB,1063-43189,1703,2000,3/21/2000,9/11/2007,4,Y,M,1,2730
K-FZW,1063-43191,1705,1998,4/9/1998,8/16/2010,2,Y,M,1,4512
uC-GfH,1063-43456,1714,2006,3/23/2006,6/17/2015,,,M,1,3373
uIC-RfH,1063-43495,1716,2005,4/29/2005,6/17/2015,2,Y,M,1,3701
uIC-RfH,1063-43495,1716,2005,4/29/2005,6/17/2015,2,Y,M,1,3701
Y-BQ,1063-43506,1722,2002,4/30/2002,6/13/2005,1,N,M,1,1140
C-LG,1063-43522,1738,2005,3/28/2005,4/16/2013,2,Y,M,1,2941
C-WB,1063-43525,1741,2005,3/30/2005,11/14/2006,2,Y,M,1,594
C-WB,1063-43525,1741,2005,3/30/2005,11/14/2006,2,Y,M,1,594
C-YR,1063-43528,1744,2005,4/2/2005,8/10/2006,2,Y,M,1,495
C-WW,1063-43531,1747,2005,4/1/2005,6/15/2011,2,Y,M,1,2266
C-WW,1063-43531,1747,2005,4/1/2005,6/15/2011,2,Y,M,1,2266
C-RP,1063-43535,1751,2006,3/29/2006,7/17/2009,3,Y,M,1,1206
C-LR,1063-43539,1755,2005,4/14/2005,4/15/2008,2,Y,M,1,1097
C-BG,1063-43551,1767,2005,4/16/2005,10/16/2007,2,Y,M,1,913
C-WA,1063-43553,1769,2008,4/2/2008,8/19/2009,5,Y,M,1,504
C-WA,1063-43553,1769,2008,4/2/2008,8/19/2009,5,Y,M,1,504
C-BW,1063-43584,1800,2006,4/20/2006,6/17/2015,3,Y,M,1,3345
-KPZ,1063-48543,1817,2002,3/30/2002,5/12/2014,2,Y,M,1,4426
-KPZ,1063-48543,1817,2002,3/30/2002,5/12/2014,2,Y,M,1,4426
L-QL,1063-48612,1818,2003,4/2/2003,5/16/2007,,N,M,1,1505
L-QL,1063-48612,1818,2003,4/2/2003,5/16/2007,,N,M,1,1505
BC-WuI,1063-48986,1821,2004,4/15/2004,8/13/2014,2,Y,M,1,3772
U-YZF,1513-02459,1822,1998,4/16/1998,8/10/2000,1,Y,M,1,847
U-YZF,1513-02459,1822,1998,4/16/1998,8/10/2000,1,Y,M,1,847
U-YZF,1513-02459,1822,1998,4/16/1998,8/10/2000,1,Y,M,1,847
F-FM,1163-68213,1835,1998,3/24/1998,10/14/1999,3,N,M,1,569
F-AM,1163-68235,1857,1998,4/3/1998,6/15/1998,4,N,M,1,73
F-AM,1163-68235,1857,1998,4/3/1998,6/15/1998,4,N,M,1,73
ZRG-,1163-68249,1871,2000,3/31/2000,6/14/2001,3,Y,M,1,440
ZRG-,1163-68249,1871,2000,3/31/2000,6/14/2001,3,Y,M,1,440
ZRG-,1163-68249,1871,2000,3/31/2000,6/14/2001,3,Y,M,1,440
G-YM,1163-68254,1876,1999,3/21/1999,5/14/2001,3,N,M,1,785
W-RQ,1163-68274,1896,1998,3/27/1998,5/18/1998,2,N,M,1,52
L-GM,1163-68291,1914,1999,3/24/1999,12/13/1999,3,N,M,1,264
L-GM,1163-68291,1914,1999,3/24/1999,12/13/1999,3,N,M,1,264
-SAR,1323-63714,2134,1980,5/6/1980,8/15/1981,2,Y,M,1,466
-SAY,1323-63736,2156,1980,2/1/1980,7/15/1993,2,Y,M,1,4913
-SPY,1323-63744,2164,1981,4/1/1981,8/15/1981,3,Y,M,1,136
-SPY,1323-63744,2164,1981,4/1/1981,8/15/1981,3,Y,M,1,136
-SLB,1323-63767,2186,1982,4/1/1982,7/12/1991,4,Y,M,1,3389
L-SY,1383-27095,2314,1982,3/28/1982,9/13/1984,5,N,M,1,900
L-SF,1383-27125,2344,1982,4/4/1982,6/11/1984,4,N,M,1,799
F-SB,1383-27146,2365,1980,4/27/1980,1/10/1984,2,N,M,1,1353
-RPS,1383-27172,2390,1983,4/5/1983,10/7/1983,3,Y,M,1,185
-YAS,1383-27177,2395,1982,5/1/1982,11/9/1985,2,Y,M,1,1288
-YAS,1383-27177,2395,1982,5/1/1982,11/9/1985,2,Y,M,1,1288
-BPS,1383-27178,2396,1982,4/13/1982,4/13/1984,2,Y,M,1,731
A-SW,1383-27181,2398,1980,4/6/1980,1/15/1982,2,N,M,1,649
-PLS,1383-27187,2404,1983,4/6/1983,9/13/1984,3,Y,M,1,526
A-SO,1383-27194,2411,1981,4/12/1981,9/10/1985,2,N,M,1,1612
A-SL,1383-27195,2412,1983,3/23/1983,12/10/1988,4,N,M,1,2089
W-WZ,1383-27206,2422,1980,2/1/1980,2/14/1983,1,N,M,1,1109
W-RZ,1383-27207,2423,1981,4/9/1981,10/9/1981,2,N,M,1,183
GLS-,1383-27226,2441,1984,4/14/1984,2/10/1985,3,Y,M,1,302
OFS=,1383-27238,2452,1983,4/26/1983,7/12/1987,2,Y,M,1,1538
FFS=,1383-27251,2464,1983,5/3/1983,7/15/1985,2,Y,M,1,804
-POS,1383-27276,2488,1984,3/30/1984,3/17/1985,4,Y,M,1,352
-POS,1383-27276,2488,1984,3/30/1984,3/17/1985,4,Y,M,1,352
-POS,1383-27276,2488,1984,3/30/1984,3/17/1985,4,Y,M,1,352
W-YZ,1383-27278,2490,1982,3/31/1982,12/14/1985,3,N,M,1,1354
W-YZ,1383-27278,2490,1982,3/31/1982,12/14/1985,3,N,M,1,1354
R-GZ,1383-27288,2500,1982,3/30/1982,8/9/1985,2,N,M,1,1228
GS-A,1383-27299,2511,1984,4/4/1984,12/10/1988,2,Y,M,1,1711
YS-F,1423-42605,2517,1986,3/29/1986,5/17/1990,4,Y,M,1,1510
PS-F,1423-42608,2520,1985,3/22/1985,7/12/1988,3,Y,M,1,1208
WS=O,1423-42629,2541,1984,4/19/1984,6/11/1984,2,Y,M,1,53
LS-L,1423-42637,2549,1984,4/13/1984,6/14/1988,2,Y,M,1,1523
R-YZ,1423-42642,2554,1987,2/1/1987,5/10/1989,7,N,M,1,829
R-BZ,1423-42643,2555,1983,4/7/1983,5/14/1985,3,N,M,1,768
R-PZ,1423-42644,2556,1983,4/11/1983,6/11/1984,2,N,M,1,427
R-LZ,1423-42657,2569,1982,4/1/1982,6/20/1983,2,N,M,1,445
R-LZ,1423-42657,2569,1982,4/1/1982,6/20/1983,2,N,M,1,445
G-RZ,1423-42668,2580,1983,4/18/1983,9/14/1990,2,N,M,1,2706
G-RZ,1423-42668,2580,1983,4/18/1983,9/14/1990,2,N,M,1,2706
S-OB,1423-42680,2592,1985,4/6/1985,2/16/1990,2,Y,M,1,1777
S-LL,1423-42706,2619,1985,5/5/1985,11/12/1987,2,Y,M,1,921
S-FP,1423-42714,2627,1987,4/8/1987,5/14/1996,4,Y,M,1,3324
S-WB,1423-42731,2644,1986,4/14/1986,7/12/1987,3,Y,M,1,454
S-LA,1423-42738,2651,1985,4/4/1985,7/11/1989,2,Y,M,1,1559
S-OO,1423-42773,2686,1986,4/5/1986,10/12/1987,3,Y,M,1,555
S-WO,1423-42776,2689,1986,4/7/1986,7/13/1990,3,Y,M,1,1558
S-WO,1423-42776,2689,1986,4/7/1986,7/13/1990,3,Y,M,1,1558
S-YO,1423-42778,2691,1986,3/22/1986,3/14/1987,3,Y,M,1,357
S-YO,1423-42778,2691,1986,3/22/1986,3/14/1987,3,Y,M,1,357
Y-WZ,1423-42779,2692,1984,3/7/1984,9/14/1992,2,N,M,1,3113
Y-GZ,1423-42783,2696,1984,4/19/1984,7/15/1985,2,N,M,1,452
S-PP,1423-42784,2697,1985,5/6/1985,3/12/1988,2,Y,M,1,1041
Y-BZ,1423-42819,2732,1984,4/3/1984,9/13/1984,2,N,M,1,163
Y-BZ,1423-42819,2732,1984,4/3/1984,9/13/1984,2,N,M,1,163
Y-PZ,1423-42820,2733,1982,3/30/1982,1/13/1985,2,N,M,1,1020
SO-A,1423-42849,2760,1988,4/20/1988,6/14/1988,4,Y,M,1,55
SY-L,1423-42866,2776,1987,4/22/1987,9/15/1989,3,Y,M,1,877
SY-L,1423-42866,2776,1987,4/22/1987,9/15/1989,3,Y,M,1,877
A-LC,1433-58323,2828,1993,3/18/1993,10/13/1999,3,N,M,1,2400
PPZ=,1433-58327,2832,1992,4/28/1992,5/16/1993,1,Y,M,1,383
PGZ=,1433-58328,2833,1993,3/29/1993,4/15/1996,2,Y,M,1,1113
W-BM,1433-58336,2841,1992,4/14/1992,11/10/1994,2,N,M,1,940
W-BM,1433-58336,2841,1992,4/14/1992,11/10/1994,2,N,M,1,940
W-LM,1433-58340,2845,1993,3/13/1993,10/17/1993,3,N,M,1,218
W-LM,1433-58340,2845,1993,3/13/1993,10/17/1993,3,N,M,1,218
W-FM,1063-42890,2846,1992,5/13/1992,3/14/2005,2,N,M,1,4688
R-LM,1433-58352,2857,1992,4/25/1992,3/11/1996,2,N,M,1,1416
-RSA,1433-58370,2864,1989,3/28/1989,7/12/2001,3,Y,M,1,4489
-RSA,1433-58370,2864,1989,3/28/1989,7/12/2001,3,Y,M,1,4489
LRZ=,1433-58380,2874,1993,4/10/1993,2/12/1995,2,Y,M,1,673
LRZ=,1433-58380,2874,1993,4/10/1993,2/12/1995,2,Y,M,1,673
LRZ=,1433-58380,2874,1993,4/10/1993,2/12/1995,2,Y,M,1,673
P-OZ,1433-87423,2916,1985,4/29/1985,12/14/1985,2,N,M,1,229
WSL-,1433-87424,2917,1988,4/5/1988,10/11/1997,3,Y,M,1,3476
RSL-,1433-87426,2919,1988,3/31/1988,8/18/1999,3,Y,M,1,4157
RSL-,1433-87426,2919,1988,3/31/1988,8/18/1999,3,Y,M,1,4157
P-FZ,1433-87427,2920,1985,4/7/1985,7/13/1990,2,N,M,1,1923
P-FZ,1433-87427,2920,1985,4/7/1985,7/13/1990,2,N,M,1,1923
A-ZG,1433-87645,3136,1987,2/1/1987,9/15/1989,2,N,M,1,957
A-ZL,1433-87655,3146,1987,2/1/1987,9/15/1989,2,N,M,1,957
A-ZL,1433-87655,3146,1987,2/1/1987,9/15/1989,2,N,M,1,957
B-ZL,1433-87659,3150,1987,2/1/1987,5/10/1991,2,N,M,1,1559
SLB-,1433-87698,3189,1989,4/16/1989,8/13/1992,2,Y,M,1,1215
RBS-,1433-92044,3192,1984,2/1/1984,2/18/1992,3,Y,M,1,2939
RBS-,1433-92044,3192,1984,2/1/1984,2/18/1992,3,Y,M,1,2939
O-GZ,1433-92919,3211,1985,3/28/1985,11/9/1985,1,N,M,1,226
O-FZ,1433-92930,3222,1988,4/13/1988,7/17/2000,4,N,M,1,4478
O-FZ,1433-92930,3222,1988,4/13/1988,7/17/2000,4,N,M,1,4478
O-FZ,1433-92930,3222,1988,4/13/1988,7/17/2000,4,N,M,1,4478
GSR=,1433-92936,3228,1987,4/8/1987,4/11/1989,2,Y,M,1,734
GSO-,1433-92946,3238,1988,4/21/1988,12/11/1990,3,Y,M,1,964
L-FZ,1433-92948,3240,1986,4/11/1986,5/10/1991,2,N,M,1,1855
L-FZ,1433-92948,3240,1986,4/11/1986,5/10/1991,2,N,M,1,1855
L-AZ,1433-92949,3241,1986,4/11/1986,10/11/1989,2,N,M,1,1279
F-YZ,1433-92953,3245,1983,4/4/1983,8/18/1987,1,N,M,1,1597
F-BZ,1433-92954,3246,1986,4/7/1986,7/12/1987,2,N,M,1,461
F-PZ,1433-92979,3270,1986,3/26/1986,5/15/1986,2,N,M,1,50
-FSO,1433-92983,3274,1988,4/21/1988,11/13/1991,2,Y,M,1,1301
YFS-,1433-93030,3321,1985,3/31/1985,2/15/1987,4,Y,M,1,686
-PSA,1433-93031,3322,1987,4/14/1987,12/14/1989,1,Y,M,1,975
A-WZ,1433-93033,3324,1988,4/11/1988,7/12/1988,3,N,M,1,92
-OSA,1433-93034,3325,1988,4/5/1988,1/11/1990,2,Y,M,1,646
A-BZ,1433-93042,3333,1986,3/24/1986,12/12/1987,1,N,M,1,628
A-BZ,1433-93042,3333,1986,3/24/1986,12/12/1987,1,N,M,1,628
A-FZ,1433-93053,3344,1987,4/1/1987,11/12/1987,2,N,M,1,225
SPP-,1433-93055,3346,1989,4/3/1989,4/11/1989,2,Y,M,1,8
SPP-,1433-93055,3346,1989,4/3/1989,4/11/1989,2,Y,M,1,8
SAP-,1433-93088,3380,1989,4/20/1989,7/10/1997,2,Y,M,1,3003
SAP-,1433-93088,3380,1989,4/20/1989,7/10/1997,2,Y,M,1,3003
A-AZ,1433-93095,3386,1988,5/7/1988,10/13/1992,3,N,M,1,1620
A-AZ,1433-93095,3386,1988,5/7/1988,10/13/1992,3,N,M,1,1620
A-AZ,1433-93095,3386,1988,5/7/1988,10/13/1992,3,N,M,1,1620
SOL-,1433-93116,3407,1990,3/28/1990,6/14/1990,3,Y,M,1,78
SOL-,1433-93116,3407,1990,3/28/1990,6/14/1990,3,Y,M,1,78
R-CR,1433-93149,3440,1987,2/1/1987,5/10/1989,1,N,M,1,829
W-WC,1433-93186,3477,1989,2/1/1989,6/15/1992,3,N,M,1,1230
W-PC,1433-93193,3484,1989,4/11/1989,11/10/1994,3,N,M,1,2039
W-PC,1433-93193,3484,1989,4/11/1989,11/10/1994,3,N,M,1,2039
-AWZ,1453-38937,3528,1993,4/1/1993,7/14/1999,3,Y,M,1,2295
-BWZ,1453-38968,3560,1992,4/30/1992,6/15/1994,2,Y,M,1,776
-OBZ,1453-38998,3590,1992,4/19/1992,2/10/2003,2,Y,M,1,3949
R-YC,1453-38999,3591,1993,3/8/1993,5/19/1994,4,N,M,1,437
R-YC,1453-38999,3591,1993,3/8/1993,5/19/1994,4,N,M,1,437
R-YC,1453-38999,3591,1993,3/8/1993,5/19/1994,4,N,M,1,437
G-BC,1453-39000,3592,1991,3/10/1991,12/13/1991,2,N,M,1,278
G-BC,1453-39000,3592,1991,3/10/1991,12/13/1991,2,N,M,1,278
-GWZ,1453-39003,3595,1993,3/18/1993,6/11/1997,3,Y,M,1,1546
-GWZ,1453-39003,3595,1993,3/18/1993,6/11/1997,3,Y,M,1,1546
-GWZ,1453-39003,3595,1993,3/18/1993,6/11/1997,3,Y,M,1,1546
O-AC,1453-39024,3616,1991,3/17/1991,6/11/1991,3,N,M,1,86
O-AC,1453-39024,3616,1991,3/17/1991,6/11/1991,3,N,M,1,86
O-AC,1453-39024,3616,1991,3/17/1991,6/11/1991,3,N,M,1,86
L-WC,1453-39027,3619,1993,3/18/1993,3/17/1998,4,N,M,1,1825
ARZ=,1453-39040,3632,1994,4/2/1994,10/13/1999,3,Y,M,1,2020
WWZ-,1453-39078,3670,1993,3/30/1993,6/15/1994,2,Y,M,1,442
WWZ-,1453-39078,3670,1993,3/30/1993,6/15/1994,2,Y,M,1,442
WWZ-,1453-39078,3670,1993,3/30/1993,6/15/1994,2,Y,M,1,442
WWZ-,1453-39078,3670,1993,3/30/1993,6/15/1994,2,Y,M,1,442
BPZ-,1453-39091,3683,1993,3/27/1993,7/18/1995,2,Y,M,1,843
BPZ-,1453-39091,3683,1993,3/27/1993,7/18/1995,2,Y,M,1,843
BPZ-,1453-39091,3683,1993,3/27/1993,7/18/1995,2,Y,M,1,843
RLZ-,1453-39192,3784,1995,5/5/1995,8/10/1997,4,Y,M,1,828
RSA-,1453-39196,3788,1988,4/2/1988,10/11/1997,3,Y,M,1,3479
RSA-,1453-39196,3788,1988,4/2/1988,10/11/1997,3,Y,M,1,3479
A-GM,1453-39200,3792,1993,3/12/1993,11/10/1994,3,N,M,1,608
G-OM,1453-57404,3796,1993,3/19/1993,3/13/2001,2,N,M,1,2916
G-OM,1453-57404,3796,1993,3/19/1993,3/13/2001,2,N,M,1,2916
G-FM,1453-57407,3799,1993,4/3/1993,12/12/1994,2,N,M,1,618
G-FM,1453-57407,3799,1993,4/3/1993,12/12/1994,2,N,M,1,618
G-AM,1453-57408,3800,1993,3/8/1993,10/11/1997,2,N,M,1,1678
G-AM,1453-57408,3800,1993,3/8/1993,10/11/1997,2,N,M,1,1678
Y-RM,1453-57411,3803,1992,2/1/1992,5/14/2003,1,N,M,1,4120
L-FC,1453-57435,3827,1993,3/19/1993,6/23/1993,2,N,M,1,96
L-FC,1453-57435,3827,1993,3/19/1993,6/23/1993,2,N,M,1,96
F-RC,1453-57436,3828,1993,3/19/1993,1/10/1997,2,N,M,1,1393
Z-WR,1453-63509,3902,1998,4/15/1998,11/14/2005,5,Y,M,1,2770
Z-RR,1453-63510,3903,1995,4/28/1995,12/13/2004,2,Y,M,1,3517
Z-AF,1453-63514,3907,1994,4/10/1994,12/12/1994,1,Y,M,1,246
Z-WL,1453-63518,3911,1995,5/1/1995,12/13/1997,2,Y,M,1,957
Z-OG,1453-63524,3917,1996,4/9/1996,1/10/2007,3,Y,M,1,3928
Z-AG,1453-63527,3920,1995,4/10/1995,12/10/2002,2,Y,M,1,2801
Z-AG,1453-63527,3920,1995,4/10/1995,12/10/2002,2,Y,M,1,2801
Z-AG,1453-63527,3920,1995,4/10/1995,12/10/2002,2,Y,M,1,2801
Z-GY,1453-63530,3922,1995,4/22/1995,6/14/2001,2,Y,M,1,2245
Z-GY,1453-63530,3922,1995,4/22/1995,6/14/2001,2,Y,M,1,2245
Z-YW,1453-63539,3931,1996,4/4/1996,8/18/2003,3,Y,M,1,2692
Z-YW,1453-63539,3931,1996,4/4/1996,8/18/2003,3,Y,M,1,2692
Z-GP,1453-63559,3951,1995,5/6/1995,4/10/2002,2,Y,M,1,2531
Z-AP,1453-63561,3953,1997,3/21/1997,7/10/1997,4,Y,M,1,111
Z-PL,1453-63592,3984,1995,4/26/1995,8/10/2000,2,Y,M,1,1933
Z-OL,1453-63593,3985,1995,4/23/1995,9/11/1995,2,Y,M,1,141
Z-OL,1453-63593,3985,1995,4/23/1995,9/11/1995,2,Y,M,1,141
UZ-OA,1453-63609,4001,1996,4/6/1996,9/11/2006,3,Y,M,1,3810
UZ-OA,1453-63609,4001,1996,4/6/1996,9/11/2006,3,Y,M,1,3810
UZ-OA,1453-63609,4001,1996,4/6/1996,9/11/2006,3,Y,M,1,3810
Z-GA,1453-63663,4055,1997,3/19/1997,7/15/2004,4,Y,M,1,2675
Z-GA,1453-63663,4055,1997,3/19/1997,7/15/2004,4,Y,M,1,2675
Z-GA,1453-63663,4055,1997,3/19/1997,7/15/2004,4,Y,M,1,2675
Z-GA,1453-63663,4055,1997,3/19/1997,7/15/2004,4,Y,M,1,2675
Z-FL,1453-63667,4059,1995,4/27/1995,10/10/2002,2,Y,M,1,2723
Z-WG,1453-63676,4068,1996,4/1/1996,12/13/1997,3,Y,M,1,621
P-MG,1453-63691,4083,1995,4/11/1995,12/12/1995,3,N,M,1,245
Z-GL,1453-63697,4089,1994,2/1/1994,11/12/2008,1,Y,M,1,5398
G-PM,1453-72701,4095,1994,3/25/1994,9/11/2006,2,N,M,1,4553
B-GM,1453-72706,4100,1994,4/28/1994,7/14/1994,2,N,M,1,77
P-WM,1453-72707,4101,1995,4/25/1995,10/18/1995,3,N,M,1,176
P-WM,1453-72707,4101,1995,4/25/1995,10/18/1995,3,N,M,1,176
ZO-G,1453-72724,4118,1996,4/7/1996,6/12/1996,2,Y,M,1,66
ZL-G,1453-72725,4119,1996,3/31/1996,1/13/2000,2,Y,M,1,1383
ZO-R,1453-72734,4128,1996,4/8/1996,3/17/1998,2,Y,M,1,708
ZL-R,1453-72735,4129,1996,4/21/1996,5/14/2003,2,Y,M,1,2579
ZL-R,1453-72735,4129,1996,4/21/1996,5/14/2003,2,Y,M,1,2579
ZY-B,1453-72740,4134,1996,4/3/1996,4/18/2007,2,Y,M,1,4032
ZL-W,1453-72748,4142,1996,5/1/1996,3/13/2001,2,Y,M,1,1777
-ORZ,1453-72755,4149,1992,4/14/1992,9/11/2000,2,Y,M,1,3072
-ORZ,1453-72755,4149,1992,4/14/1992,9/11/2000,2,Y,M,1,3072
ZW-G,1453-72778,4172,1996,4/11/1996,1/14/1998,2,Y,M,1,643
ZW-G,1453-72778,4172,1996,4/11/1996,1/14/1998,2,Y,M,1,643
ZP-Y,1453-72784,4178,1996,5/6/1996,5/14/2001,2,Y,M,1,1834
ZF-P,1453-78041,4335,2000,3/17/2000,4/11/2003,6,Y,M,1,1120
ZF-P,1453-78041,4335,2000,3/17/2000,4/11/2003,6,Y,M,1,1120
ZF-P,1453-78041,4335,2000,3/17/2000,4/11/2003,6,Y,M,1,1120
ZF-P,1453-78041,4335,2000,3/17/2000,4/11/2003,6,Y,M,1,1120
ZF-P,1453-78041,4335,2000,3/17/2000,4/11/2003,6,Y,M,1,1120
P-YM,1453-78050,4344,1996,4/8/1996,8/10/1996,3,N,M,1,124
P-YM,1453-78050,4344,1996,4/8/1996,8/10/1996,3,N,M,1,124
P-YM,1453-78050,4344,1996,4/8/1996,8/10/1996,3,N,M,1,124
ZF-B,1453-78056,4350,1996,4/28/1996,12/13/1997,2,Y,M,1,594
P-PM,1453-78065,4359,1995,4/9/1995,2/12/1996,2,N,M,1,309
ZY-O,1453-78066,4360,1996,5/3/1996,1/13/2005,2,Y,M,1,3177
ZO-O,1453-78067,4361,1996,3/30/1996,12/13/2004,2,Y,M,1,3180
ZO-O,1453-78067,4361,1996,3/30/1996,12/13/2004,2,Y,M,1,3180
ZO-O,1453-78067,4361,1996,3/30/1996,12/13/2004,2,Y,M,1,3180
ZL-O,1453-78068,4362,1997,4/28/1997,12/10/2008,3,Y,M,1,4244
P-OM,1453-78069,4363,1995,4/14/1995,1/13/2003,2,N,M,1,2831
P-OM,1453-78069,4363,1995,4/14/1995,1/13/2003,2,N,M,1,2831
B-AC,1453-78100,4394,1996,4/6/1996,4/14/1999,3,N,M,1,1103
B-AC,1453-78100,4394,1996,4/6/1996,4/14/1999,3,N,M,1,1103
A-YC,1453-78102,4396,1997,3/23/1997,4/10/1997,4,N,M,1,18
ZO-L,1453-78107,4401,1997,4/15/1997,9/18/1999,3,Y,M,1,886
ZO-L,1453-78107,4401,1997,4/15/1997,9/18/1999,3,Y,M,1,886
ZO-L,1453-78107,4401,1997,4/15/1997,9/18/1999,3,Y,M,1,886
B-BM,1453-78115,4409,1995,5/4/1995,6/13/1995,2,N,M,1,40
B-BM,1453-78115,4409,1995,5/4/1995,6/13/1995,2,N,M,1,40
OZG-,1453-78120,4414,1996,4/21/1996,2/18/1998,1,Y,M,1,668
OZG-,1453-78120,4414,1996,4/21/1996,2/18/1998,1,Y,M,1,668
OZG-,1453-78120,4414,1996,4/21/1996,2/18/1998,1,Y,M,1,668
WZW-,1453-78122,4416,1998,4/13/1998,2/10/2003,3,Y,M,1,1764
GZW-,1453-78124,4418,1997,3/30/1997,1/14/1998,2,Y,M,1,290
YZW-,1453-78125,4419,1997,3/28/1997,12/14/1998,2,Y,M,1,626
YZW-,1453-78125,4419,1997,3/28/1997,12/14/1998,2,Y,M,1,626
YZW-,1453-78125,4419,1997,3/28/1997,12/14/1998,2,Y,M,1,626
YZW-,1453-78125,4419,1997,3/28/1997,12/14/1998,2,Y,M,1,626
FZY-,1453-78136,4430,1997,4/1/1997,1/14/1998,2,Y,M,1,288
FZY-,1453-78136,4430,1997,4/1/1997,1/14/1998,2,Y,M,1,288
AZY-,1453-78137,4431,1997,4/15/1997,4/11/2000,2,Y,M,1,1092
AZY-,1453-78137,4431,1997,4/15/1997,4/11/2000,2,Y,M,1,1092
BZY-,1453-78151,4444,1997,3/31/1997,1/14/1998,2,Y,M,1,289
BZY-,1453-78151,4444,1997,3/31/1997,1/14/1998,2,Y,M,1,289
GZB-,1453-78163,4456,1999,4/3/1999,8/10/2000,4,Y,M,1,495
O-OM,1453-78180,4473,1996,4/6/1996,3/10/1997,3,N,M,1,338
AZR-,1453-78228,4521,1997,4/18/1997,9/11/1998,2,Y,M,1,511
YZB-,1453-78231,4524,1997,4/11/1997,5/14/2001,2,Y,M,1,1494
YZB-,1453-78231,4524,1997,4/11/1997,5/14/2001,2,Y,M,1,1494
-GZP,1453-78254,4547,1997,4/16/1997,7/10/1997,1,Y,M,1,85
-BZR,1453-78267,4559,1999,3/15/1999,8/13/2002,3,Y,M,1,1247
-BZR,1453-78267,4559,1999,3/15/1999,8/13/2002,3,Y,M,1,1247
-BZR,1453-78267,4559,1999,3/15/1999,8/13/2002,3,Y,M,1,1247
-LZG,1453-78279,4572,1999,3/16/1999,11/13/1999,3,Y,M,1,242
-LZG,1453-78279,4572,1999,3/16/1999,11/13/1999,3,Y,M,1,242
-OZY,1453-78287,4580,1999,3/18/1999,6/14/2001,3,Y,M,1,819
-YZB,1453-78292,4585,1999,3/8/1999,1/13/2000,3,Y,M,1,311
-PZL,1453-78321,4612,1999,3/16/1999,5/10/2000,3,Y,M,1,421
-PZL,1453-78321,4612,1999,3/16/1999,5/10/2000,3,Y,M,1,421
-WZR,1453-78326,4617,1998,5/1/1998,7/16/1998,2,Y,M,1,76
-LZA,1453-78345,4636,1999,3/30/1999,4/14/1999,3,Y,M,1,15
SAO-,1453-78352,4643,1990,4/25/1990,1/14/1998,3,Y,M,1,2821
-LZW,1453-78356,4647,2001,4/4/2001,6/14/2004,5,Y,M,1,1167
-LZW,1453-78356,4647,2001,4/4/2001,6/14/2004,5,Y,M,1,1167
Y-PM,1453-78366,4658,1996,4/9/1996,5/11/1999,2,N,M,1,1127
-RZY,1453-78370,4662,1998,5/2/1998,8/9/2001,2,Y,M,1,1195
-RZY,1453-78370,4662,1998,5/2/1998,8/9/2001,2,Y,M,1,1195
B-FM,1453-78388,4681,1997,3/21/1997,7/14/1999,3,N,M,1,845
B-FM,1453-78388,4681,1997,3/21/1997,7/14/1999,3,N,M,1,845
-RZF,1453-78393,4686,2001,4/14/2001,9/12/2001,5,Y,M,1,151
ZFF-U,1513-02004,4695,1999,3/25/1999,5/16/2007,2,Y,M,1,2974
ZFF-U,1513-02004,4695,1999,3/25/1999,5/16/2007,2,Y,M,1,2974
U-WZB,1513-02430,4697,1999,3/9/1999,8/10/2000,3,Y,M,1,520
U-WZB,1513-02430,4697,1999,3/9/1999,8/10/2000,3,Y,M,1,520
U-WZB,1513-02430,4697,1999,3/9/1999,8/10/2000,3,Y,M,1,520
RR-C,1513-50111,4708,2001,4/18/2001,7/11/2008,2,Y,M,1,2641
PY-C,1713-49018,4739,2001,4/6/2001,8/17/2011,2,Y,M,1,3785
OW-C,1513-50157,4754,2001,5/7/2001,7/12/2001,2,Y,M,1,66
YP-C,1513-50302,4800,2002,3/30/2002,6/14/2006,3,Y,M,1,1537
YP-C,1513-50302,4800,2002,3/30/2002,6/14/2006,3,Y,M,1,1537
RA-C,1513-50315,4813,2002,3/17/2002,12/13/2006,3,Y,M,1,1732
RA-C,1513-50315,4813,2002,3/17/2002,12/13/2006,3,Y,M,1,1732
Z-WY,1513-50330,4828,1996,4/27/1996,7/12/2001,3,Y,M,1,1902
Z-WY,1513-50330,4828,1996,4/27/1996,7/12/2001,3,Y,M,1,1902
RB-C,1513-50358,4856,2004,3/22/2004,8/12/2004,5,Y,M,1,143
R-OQ,1513-50384,4882,2001,3/16/2001,7/11/2008,3,N,M,1,2674
R-OQ,1513-50384,4882,2001,3/16/2001,7/11/2008,3,N,M,1,2674
R-OQ,1513-50384,4882,2001,3/16/2001,7/11/2008,3,N,M,1,2674
-OWC,1513-50391,4889,2002,3/21/2002,4/12/2005,2,Y,M,1,1118
-GGC,1513-50706,4906,2002,4/9/2002,11/11/2004,2,Y,M,1,947
-RWC,1513-50717,4917,2005,4/16/2005,12/12/2005,5,Y,M,1,240
-GYC,1513-50722,4922,2002,3/17/2002,8/18/2003,2,Y,M,1,519
-GYC,1513-50722,4922,2002,3/17/2002,8/18/2003,2,Y,M,1,519
-BYC,1513-50726,4926,2004,3/22/2004,11/18/2009,4,Y,M,1,2067
-BYC,1513-50726,4926,2004,3/22/2004,11/18/2009,4,Y,M,1,2067
-BYC,1513-50726,4926,2004,3/22/2004,11/18/2009,4,Y,M,1,2067
-BYC,1513-50726,4926,2004,3/22/2004,11/18/2009,4,Y,M,1,2067
-BYC,1513-50726,4926,2004,3/22/2004,11/18/2009,4,Y,M,1,2067
-BYC,1513-50726,4926,2004,3/22/2004,11/18/2009,4,Y,M,1,2067
-BYC,1513-50726,4926,2004,3/22/2004,11/18/2009,4,Y,M,1,2067
-LYC,1513-50732,4932,2002,4/6/2002,7/20/2011,2,Y,M,1,3392
-LYC,1513-50732,4932,2002,4/6/2002,7/20/2011,2,Y,M,1,3392
-PPC,1513-50746,4946,2002,3/22/2002,7/14/2005,2,Y,M,1,1210
-ORC,1513-50792,4993,2002,4/11/2002,5/13/2002,2,Y,M,1,32
-LWC,1513-50798,4999,2002,3/19/2002,2/16/2011,2,Y,M,1,3256
G-BQ,1513-50799,5000,2001,4/24/2001,1/15/2008,3,N,M,1,2457
G-BQ,1513-50799,5000,2001,4/24/2001,1/15/2008,3,N,M,1,2457
G-BQ,1513-50799,5000,2001,4/24/2001,1/15/2008,3,N,M,1,2457
BWC-,1513-50904,5007,2008,3/12/2008,11/18/2009,7,Y,M,1,616
BWC-,1513-50904,5007,2008,3/12/2008,11/18/2009,7,Y,M,1,616
WBC-,1513-50931,5034,2004,3/26/2004,9/11/2006,3,Y,M,1,899
YPC-,1513-50942,5045,2003,4/1/2003,6/13/2007,2,Y,M,1,1534
YPC-,1513-50942,5045,2003,4/1/2003,6/13/2007,2,Y,M,1,1534
YPC-,1513-50942,5045,2003,4/1/2003,6/13/2007,2,Y,M,1,1534
FBC-,1513-50975,5078,2003,4/5/2003,6/11/2003,2,Y,M,1,67
FBC-,1513-50975,5078,2003,4/5/2003,6/11/2003,2,Y,M,1,67
ABC-,1513-50976,5079,2003,4/12/2003,7/11/2003,2,Y,M,1,90
ABC-,1513-50976,5079,2003,4/12/2003,7/11/2003,2,Y,M,1,90
PRC-,1513-50981,5084,2003,4/4/2003,1/13/2005,2,Y,M,1,650
PRC-,1513-50981,5084,2003,4/4/2003,1/13/2005,2,Y,M,1,650
ORC-,1513-50982,5085,2003,5/9/2003,7/11/2008,2,Y,M,1,1890
BLC-,1513-50991,5094,2003,4/14/2003,5/11/2004,2,Y,M,1,393
BLC-,1513-50991,5094,2003,4/14/2003,5/11/2004,2,Y,M,1,393
LGC-,1513-50993,5096,2003,4/4/2003,7/11/2008,2,Y,M,1,1925
CW-GU,1573-65071,5106,2005,4/25/2005,6/16/2008,3,Y,M,1,1148
L-WQ,1573-65905,5111,2004,3/25/2004,3/15/2009,2,N,M,1,1816
L-RQ,1573-65910,5116,2004,3/20/2004,10/15/2008,2,N,M,1,1670
CP-W,1573-65916,5122,2008,3/30/2008,8/18/2008,4,Y,M,1,141
CP-R,1573-65925,5131,2006,4/13/2006,11/18/2009,2,Y,M,1,1315
CB-G,1573-65934,5140,2009,3/26/2009,7/20/2011,5,Y,M,1,846
CL-H,1573-65948,5154,2007,4/18/2007,1/20/2010,3,Y,M,1,1008
CW-B,1713-49323,5155,2006,4/9/2006,6/17/2015,2,Y,M,1,3356
CW-B,1713-49323,5155,2006,4/9/2006,6/17/2015,2,Y,M,1,3356
CW-P,1573-65957,5163,2006,4/5/2006,5/13/2013,2,Y,M,1,2595
CW-O,1573-65966,5173,2006,4/1/2006,1/15/2008,2,Y,M,1,654
CR-O,1573-65967,5174,2006,3/23/2006,1/15/2008,2,Y,M,1,663
CR-O,1573-65967,5174,2006,3/23/2006,1/15/2008,2,Y,M,1,663
CR-O,1573-65967,5174,2006,3/23/2006,1/15/2008,2,Y,M,1,663
CA-P,1573-65975,5182,2006,4/2/2006,9/11/2007,2,Y,M,1,527
CfH=L,1713-49396,5194,2006,3/28/2006,6/17/2015,2,Y,M,1,3368
CfH=L,1713-49396,5194,2006,3/28/2006,6/17/2015,2,Y,M,1,3368
CfH=L,1713-49396,5194,2006,3/28/2006,6/17/2015,2,Y,M,1,3368
CW-F,1573-65989,5196,2008,3/26/2008,4/15/2008,4,Y,M,1,20
CR-F,1573-65990,5197,2008,3/20/2008,7/11/2008,4,Y,M,1,113
CA-L,1573-66506,5216,2008,3/31/2008,9/16/2008,4,Y,M,1,169
CR-L,1573-66510,5220,2006,4/7/2006,8/10/2006,2,Y,M,1,125
CR-L,1573-66510,5220,2006,4/7/2006,8/10/2006,2,Y,M,1,125
CB-W,1573-66523,5233,2008,3/21/2008,2/15/2012,4,Y,M,1,1426
CL-G,1573-66092,5241,2009,4/6/2009,10/15/2014,5,Y,M,1,2018
CW-H,1573-66534,5244,2006,4/4/2006,6/16/2010,2,Y,M,1,1534
CG-A,1573-66557,5267,2006,4/3/2006,7/18/2012,2,Y,M,1,2298
CG-A,1573-66557,5267,2006,4/3/2006,7/18/2012,2,Y,M,1,2298
CH-A,1573-66558,5268,2007,4/6/2007,6/17/2015,3,Y,M,1,2994
CH-A,1573-66558,5268,2007,4/6/2007,6/17/2015,3,Y,M,1,2994
CH-A,1573-66558,5268,2007,4/6/2007,6/17/2015,3,Y,M,1,2994
CH-A,1573-66558,5268,2007,4/6/2007,6/17/2015,3,Y,M,1,2994
OCW-,1573-66587,5297,2008,3/25/2008,7/17/2009,3,Y,M,1,479
PCR-,1573-66596,5306,2008,3/29/2008,5/19/2010,3,Y,M,1,781
PCR-,1573-66596,5306,2008,3/29/2008,5/19/2010,3,Y,M,1,781
CO-A,1573-66598,5308,2010,3/29/2010,11/16/2011,6,Y,M,1,597
LCR-,1573-97901,5311,2008,3/24/2008,5/12/2014,3,Y,M,1,2240
LCR-,1573-97901,5311,2008,3/24/2008,5/12/2014,3,Y,M,1,2240
GCG-,1713-49397,5316,2007,4/19/2007,11/13/2013,2,Y,M,1,2400
GCG-,1713-49397,5316,2007,4/19/2007,11/13/2013,2,Y,M,1,2400
FCG-,1573-97916,5326,2008,3/25/2008,4/15/2008,3,Y,M,1,21
ACG-,1573-97917,5327,2007,4/16/2007,7/19/2007,2,Y,M,1,94
ACG-,1573-97917,5327,2007,4/16/2007,7/19/2007,2,Y,M,1,94
PCH-,1573-97923,5333,2008,3/28/2008,3/13/2013,3,Y,M,1,1811
WCO-,1713-13336,5342,2008,3/19/2008,5/13/2013,3,Y,M,1,1881
WCO-,1713-13336,5342,2008,3/19/2008,5/13/2013,3,Y,M,1,1881
LCB-,1573-97944,5354,2008,4/2/2008,6/16/2010,3,Y,M,1,805
CW-Y,1573-97951,5361,2007,4/19/2007,2/18/2010,3,Y,M,1,1036
CW-Y,1573-97951,5361,2007,4/19/2007,2/18/2010,3,Y,M,1,1036
CW-Y,1573-97951,5361,2007,4/19/2007,2/18/2010,3,Y,M,1,1036
Y=RC,1573-97954,5364,2008,3/6/2008,6/17/2015,5,N,M,1,2659
PCP-,1573-97961,5371,2008,3/29/2008,1/14/2009,3,Y,M,1,291
PCP-,1573-97961,5371,2008,3/29/2008,1/14/2009,3,Y,M,1,291
WCH=,1713-89767,5400,2012,4/9/2012,6/17/2015,7,Y,M,1,1164
WCH=,1713-89767,5400,2012,4/9/2012,6/17/2015,7,Y,M,1,1164
WCR-,1573-97993,5403,2007,4/18/2007,6/17/2015,2,Y,M,1,2982
WCR-,1573-97993,5403,2007,4/18/2007,6/17/2015,2,Y,M,1,2982
PCA-,1573-97999,5409,2008,3/25/2008,6/17/2015,3,Y,M,1,2640
RCB-,1603-16605,5415,2008,3/22/2008,7/11/2008,3,Y,M,1,111
RCB-,1603-16605,5415,2008,3/22/2008,7/11/2008,3,Y,M,1,111
HCB-,1603-16638,5448,2007,3/25/2007,10/15/2008,2,Y,M,1,570
-RCW,1603-16640,5450,2008,4/16/2008,1/14/2009,2,Y,M,1,273
-HCR,1603-16650,5460,2008,3/22/2008,8/18/2008,2,Y,M,1,149
-LCH,1603-16677,5487,2009,4/7/2009,9/16/2009,3,Y,M,1,162
-LCH,1603-16677,5487,2009,4/7/2009,9/16/2009,3,Y,M,1,162
-WCO,1603-16697,5507,2010,4/14/2010,9/19/2012,4,Y,M,1,889
-ACP,1603-17222,5532,2010,4/4/2010,6/16/2010,4,Y,M,1,73
-ACP,1603-17222,5532,2010,4/4/2010,6/16/2010,4,Y,M,1,73
-ACP,1603-17222,5532,2010,4/4/2010,6/16/2010,4,Y,M,1,73
-RCA,1713-49395,5538,2009,4/3/2009,6/17/2015,3,Y,M,1,2266
-LCA,1603-17241,5551,2008,3/27/2008,4/15/2015,2,Y,M,1,2575
-LCA,1603-17241,5551,2008,3/27/2008,4/15/2015,2,Y,M,1,2575
H-GCR,1603-17256,5566,2008,3/30/2008,1/14/2009,2,Y,M,1,290
H-PCR,1603-17259,5569,2010,3/29/2010,6/12/2013,4,Y,M,1,1171
H-GCB,1603-17413,5623,2010,4/11/2010,6/11/2014,4,Y,M,1,1522
H-GCB,1603-17413,5623,2010,4/11/2010,6/11/2014,4,Y,M,1,1522
H-RCO,1603-17422,5632,2012,4/1/2012,6/17/2015,6,Y,M,1,1172
H-RCO,1603-17422,5632,2012,4/1/2012,6/17/2015,6,Y,M,1,1172
H-RCO,1603-17422,5632,2012,4/1/2012,6/17/2015,6,Y,M,1,1172
-LCG,1603-17424,5634,2009,3/20/2009,6/11/2009,3,Y,M,1,83
H-GCO,1603-17440,5650,2010,4/2/2010,6/17/2015,4,Y,M,1,1902
H-GCO,1603-17440,5650,2010,4/2/2010,6/17/2015,4,Y,M,1,1902
H-RCL,1603-17443,5653,2011,4/13/2011,6/17/2015,5,Y,M,1,1526
H-GCL,1713-49329,5654,2010,3/20/2010,6/17/2015,4,Y,M,1,1915
H-GCL,1713-49329,5654,2010,3/20/2010,6/17/2015,4,Y,M,1,1915
H-GCL,1713-49329,5654,2010,3/20/2010,6/17/2015,4,Y,M,1,1915
Y-AQ,1603-17450,5660,2008,3/19/2008,7/14/2010,3,N,M,1,847
P-AQ,1603-17451,5661,2008,3/28/2008,9/19/2012,3,N,M,1,1636
P-AQ,1603-17451,5661,2008,3/28/2008,9/19/2012,3,N,M,1,1636
P-AQ,1603-17451,5661,2008,3/28/2008,9/19/2012,3,N,M,1,1636
P-AQ,1603-17451,5661,2008,3/28/2008,9/19/2012,3,N,M,1,1636
P-AQ,1603-17451,5661,2008,3/28/2008,9/19/2012,3,N,M,1,1636
G-PQ,1603-17452,5662,2007,5/9/2007,6/11/2009,2,N,M,1,764
L-AQ,1603-17453,5663,2007,3/20/2007,6/17/2015,2,N,M,1,3011
L-AQ,1603-17453,5663,2007,3/20/2007,6/17/2015,2,N,M,1,3011
L-AQ,1603-17453,5663,2007,3/20/2007,6/17/2015,2,N,M,1,3011
-GCB,1603-17458,5668,2008,3/28/2008,11/18/2009,2,Y,M,1,600
-GCB,1603-17458,5668,2008,3/28/2008,11/18/2009,2,Y,M,1,600
CRW-,1603-17460,5670,2010,4/1/2010,8/17/2011,3,Y,M,1,503
CRW-,1603-17460,5670,2010,4/1/2010,8/17/2011,3,Y,M,1,503
CBR-,1603-17472,5682,2010,4/14/2010,6/17/2015,3,Y,M,1,1890
CGP-,1603-51113,5723,2009,4/11/2009,8/17/2011,2,Y,M,1,858
CAO-,1603-51131,5741,2009,4/17/2009,6/11/2014,2,Y,M,1,1881
G-NW,1603-51162,5772,2008,3/16/2008,10/19/2011,2,N,M,1,1312
G-NW,1603-51162,5772,2008,3/16/2008,10/19/2011,2,N,M,1,1312
CRR-,1603-51163,5773,2010,4/4/2010,9/15/2010,3,Y,M,1,164
CRR-,1603-51163,5773,2010,4/4/2010,9/15/2010,3,Y,M,1,164
CRR-,1603-51163,5773,2010,4/4/2010,9/15/2010,3,Y,M,1,164
P-NG,1603-51164,5774,2008,4/12/2008,7/17/2009,2,N,M,1,461
-CWY,1603-51171,5781,2010,4/1/2010,8/13/2014,2,Y,M,1,1595
-CWY,1603-51171,5781,2010,4/1/2010,8/13/2014,2,Y,M,1,1595
-CWY,1603-51171,5781,2010,4/1/2010,8/13/2014,2,Y,M,1,1595
-CWL,1603-51179,5789,2011,4/2/2011,1/16/2013,3,Y,M,1,655
-CRH,1603-51181,5791,2011,3/15/2011,8/22/2012,3,Y,M,1,526
-CRH,1603-51181,5791,2011,3/15/2011,8/22/2012,3,Y,M,1,526
-CRA,1603-51182,5792,2011,3/28/2011,10/16/2013,3,Y,M,1,933
-CRA,1603-51182,5792,2011,3/28/2011,10/16/2013,3,Y,M,1,933
-CRA,1603-51182,5792,2011,3/28/2011,10/16/2013,3,Y,M,1,933
-CGB,1603-51187,5797,2010,4/1/2010,6/17/2015,2,Y,M,1,1903
-CGB,1603-51187,5797,2010,4/1/2010,6/17/2015,2,Y,M,1,1903
-CGB,1603-51187,5797,2010,4/1/2010,6/17/2015,2,Y,M,1,1903
-CGB,1603-51187,5797,2010,4/1/2010,6/17/2015,2,Y,M,1,1903
CBH-,1603-51316,5808,2010,4/1/2010,5/13/2015,3,Y,M,1,1868
CBH-,1603-51316,5808,2010,4/1/2010,5/13/2015,3,Y,M,1,1868
CBH-,1603-51316,5808,2010,4/1/2010,5/13/2015,3,Y,M,1,1868
-CPH,1603-51521,5830,2011,4/22/2011,4/11/2012,3,Y,M,1,355
-CPH,1603-51521,5830,2011,4/22/2011,4/11/2012,3,Y,M,1,355
-CYR,1603-51525,5834,2011,3/14/2011,9/14/2011,3,Y,M,1,184
-CYR,1603-51525,5834,2011,3/14/2011,9/14/2011,3,Y,M,1,184
-CAH,1603-51566,5875,2010,4/28/2010,6/17/2015,2,Y,M,1,1876
-CBW,1603-51570,5879,2010,3/30/2010,10/13/2010,2,Y,M,1,197
-CBW,1603-51570,5879,2010,3/30/2010,10/13/2010,2,Y,M,1,197
-CRB,1603-51575,5884,2010,4/19/2010,5/19/2010,2,Y,M,1,30
-CGY,1603-51588,5897,2010,4/11/2010,12/12/2012,2,Y,M,1,976
-COG,1603-51705,5914,2010,4/27/2010,3/16/2011,2,Y,M,1,323
-CBY,1603-51709,5918,2010,4/26/2010,6/17/2015,2,Y,M,1,1878
-CBY,1603-51709,5918,2010,4/26/2010,6/17/2015,2,Y,M,1,1878
-CBY,1603-51709,5918,2010,4/26/2010,6/17/2015,2,Y,M,1,1878
-CBY,1603-51709,5918,2010,4/26/2010,6/17/2015,2,Y,M,1,1878
-CBA,1603-51721,5930,2010,4/23/2010,6/17/2015,2,Y,M,1,1881
-CBA,1603-51721,5930,2010,4/23/2010,6/17/2015,2,Y,M,1,1881
-CBA,1603-51721,5930,2010,4/23/2010,6/17/2015,2,Y,M,1,1881
-CBA,1603-51721,5930,2010,4/23/2010,6/17/2015,2,Y,M,1,1881
W-NR,1603-51726,5935,2010,3/20/2010,6/17/2015,4,N,M,1,1915
W-NR,1603-51726,5935,2010,3/20/2010,6/17/2015,4,N,M,1,1915
R-NA,1603-51728,5937,2008,3/13/2008,7/21/2014,2,N,M,1,2321
R-NA,1603-51728,5937,2008,3/13/2008,7/21/2014,2,N,M,1,2321
R-NA,1603-51728,5937,2008,3/13/2008,7/21/2014,2,N,M,1,2321
H-CHR,1603-51754,5963,2011,4/2/2011,6/17/2015,3,Y,M,1,1537
H-CHR,1603-51754,5963,2011,4/2/2011,6/17/2015,3,Y,M,1,1537
H-CWG,1603-51773,5982,2010,4/14/2010,3/11/2015,2,Y,M,1,1792
H-CWG,1603-51773,5982,2010,4/14/2010,3/11/2015,2,Y,M,1,1792
H-CWG,1603-51773,5982,2010,4/14/2010,3/11/2015,2,Y,M,1,1792
H-CGB,1603-51794,6003,2011,3/20/2011,1/18/2012,3,Y,M,1,304
H-CGB,1603-51794,6003,2011,3/20/2011,1/18/2012,3,Y,M,1,304
W-NH,1603-51808,6017,2008,4/12/2008,2/18/2010,1,N,M,1,677
fHW-C,1603-51812,6021,2002,3/21/2002,12/14/2011,3,Y,M,1,3555
fHW-C,1603-51812,6021,2002,3/21/2002,12/14/2011,3,Y,M,1,3555
BAC-U,1063-48689,6050,2003,4/29/2003,7/11/2003,2,Y,M,1,73
I-RCP,1603-16597,6052,2009,4/1/2009,8/12/2013,3,Y,M,1,1594
I-RCP,1603-16597,6052,2009,4/1/2009,8/12/2013,3,Y,M,1,1594
RLC-U,,6053,2003,3/21/2003,11/12/2004,,Y,M,1,602
UC-FL,1573-65009,6055,2005,4/17/2005,11/7/2007,2,Y,M,1,934
UC-FL,1573-65009,6055,2005,4/17/2005,11/7/2007,2,Y,M,1,934
YYC-U,1063-48697,6056,2004,3/15/2004,4/14/2004,3,Y,M,1,30
-SW_,,6058,1990,4/10/1990,3/13/1997,,Y,M,1,2529
P-C,9999-99970,6088,2008,3/17/2008,11/12/2008,2,N,M,1,240
P-C,9999-99970,6088,2008,3/17/2008,11/12/2008,2,N,M,1,240
WLINm,9999-99955,6113,1982,5/14/1982,7/15/1982,2,N,M,1,62
LC-YU,1063-43096,6171,2009,4/9/2009,8/19/2009,7,Y,M,1,132
LC-YU,1063-43096,6171,2009,4/9/2009,8/19/2009,7,Y,M,1,132
LC-YU,1063-43096,6171,2009,4/9/2009,8/19/2009,7,Y,M,1,132
BO-Q,1603-51868,6172,2014,4/2/2014,6/17/2015,5,Y,M,1,441
BO-Q,1603-51868,6172,2014,4/2/2014,6/17/2015,5,Y,M,1,441
PA-Q,1713-13315,6188,2013,3/25/2013,6/17/2015,4,Y,M,1,814
HW-Q,1603-51896,6216,2011,3/27/2011,6/17/2015,2,Y,M,1,1543
HW-Q,1603-51896,6216,2011,3/27/2011,6/17/2015,2,Y,M,1,1543
YY-Q,1603-51855,6237,2011,3/18/2011,6/17/2015,2,Y,M,1,1552
WO-Q,1603-51831,6248,2011,4/6/2011,10/19/2011,2,Y,M,1,196
WO-Q,1603-51831,6248,2011,4/6/2011,10/19/2011,2,Y,M,1,196
WO-Q,1603-51831,6248,2011,4/6/2011,10/19/2011,2,Y,M,1,196
OY-Q,1603-51884,6270,2011,5/13/2011,2/13/2013,2,Y,M,1,642
BCR-I,1713-49394,6289,2010,4/6/2010,6/17/2015,5,Y,M,1,1898
BCR-I,1713-49394,6289,2010,4/6/2010,6/17/2015,5,Y,M,1,1898
I-CRR,1603-51601,6294,2010,3/22/2010,6/16/2010,2,Y,M,1,86
I-CRR,1603-51601,6294,2010,3/22/2010,6/16/2010,2,Y,M,1,86
H-NR,1713-13333,6313,2010,4/12/2010,6/17/2015,2,N,M,1,1892
G-NB,1713-13330,6316,2012,3/28/2012,9/19/2012,,N,M,1,175
-WGQ,1713-13342,6343,2015,4/6/2015,6/17/2015,5,Y,M,1,72
-WGQ,1713-13342,6343,2015,4/6/2015,6/17/2015,5,Y,M,1,72
-RBQ,1713-13352,6350,2012,3/21/2012,8/12/2013,2,Y,M,1,509
-RBQ,1713-13352,6350,2012,3/21/2012,8/12/2013,2,Y,M,1,509
-GRQ,1713-13357,6358,2011,4/3/2011,6/17/2015,1,Y,M,1,1536
-YBQ,1713-13368,6369,2013,3/24/2013,6/17/2015,3,Y,M,1,815
-YBQ,1713-13368,6369,2013,3/24/2013,6/17/2015,3,Y,M,1,815
-YBQ,1713-13368,6369,2013,3/24/2013,6/17/2015,3,Y,M,1,815
-YBQ,1713-13368,6369,2013,3/24/2013,6/17/2015,3,Y,M,1,815
-YOQ,1713-13370,6371,2012,3/26/2012,7/18/2012,2,Y,M,1,114
-YOQ,1713-13370,6371,2012,3/26/2012,7/18/2012,2,Y,M,1,114
-WPQ,1713-13617,6419,2013,3/25/2013,6/17/2015,3,Y,M,1,814
-WPQ,1713-13617,6419,2013,3/25/2013,6/17/2015,3,Y,M,1,814
-WPQ,1713-13617,6419,2013,3/25/2013,6/17/2015,3,Y,M,1,814
-WLQ,1713-13619,6421,2012,4/14/2012,6/17/2015,2,Y,M,1,1159
-HBQ,1713-13622,6431,2013,3/28/2013,6/17/2015,3,Y,M,1,811
-HBQ,1713-13622,6431,2013,3/28/2013,6/17/2015,3,Y,M,1,811
-LHQ,1713-13627,6436,2012,3/30/2012,3/12/2014,2,Y,M,1,712
-RAQ,1713-13649,6451,2013,3/25/2013,6/17/2015,3,Y,M,1,814
-RAQ,1713-13649,6451,2013,3/25/2013,6/17/2015,3,Y,M,1,814
-RAQ,1713-13649,6451,2013,3/25/2013,6/17/2015,3,Y,M,1,814
-AHQ,1713-13654,6456,2013,4/7/2013,6/17/2015,3,Y,M,1,801
-AHQ,1713-13654,6456,2013,4/7/2013,6/17/2015,3,Y,M,1,801
-WBQ,1713-13656,6458,2013,5/11/2013,7/17/2013,3,Y,M,1,67
-WBQ,1713-13656,6458,2013,5/11/2013,7/17/2013,3,Y,M,1,67
-WBQ,1713-13656,6458,2013,5/11/2013,7/17/2013,3,Y,M,1,67
-BPQ,1713-13661,6465,2011,4/15/2011,10/19/2011,1,Y,M,1,187
-BOQ,1713-13662,6466,2011,3/30/2011,6/17/2015,1,Y,M,1,1540
-YHQ,1713-13684,6489,2011,3/31/2011,5/11/2011,1,Y,M,1,41
-YHQ,1713-13684,6489,2011,3/31/2011,5/11/2011,1,Y,M,1,41
-GAQ,1713-13690,6495,2011,4/20/2011,6/15/2011,1,Y,M,1,56
-HPQ,1713-13700,6500,2013,4/1/2013,8/13/2014,3,Y,M,1,499
-HPQ,1713-13700,6500,2013,4/1/2013,8/13/2014,3,Y,M,1,499
-HPQ,1713-13700,6500,2013,4/1/2013,8/13/2014,3,Y,M,1,499
H-CWR,1603-51819,6513,2009,4/28/2009,6/17/2015,1,Y,M,1,2241
P-NH,1713-49260,6572,2011,3/11/2011,2/15/2012,2,N,M,1,341
P-NH,1713-49260,6572,2011,3/11/2011,2/15/2012,2,N,M,1,341
P-NH,1713-49260,6572,2011,3/11/2011,2/15/2012,2,N,M,1,341
AP-ZU,1513-50637,6573,2001,4/11/2001,11/11/2004,2,Y,M,1,1310
AP-ZU,1513-50637,6573,2001,4/11/2001,11/11/2004,2,Y,M,1,1310
G-NA,1713-13950,6575,2011,3/20/2011,11/16/2011,,N,M,1,241
WBQ-,1713-13955,6590,2013,3/16/2013,9/17/2014,2,Y,M,1,550
WBQ-,1713-13955,6590,2013,3/16/2013,9/17/2014,2,Y,M,1,550
WBQ-,1713-13955,6590,2013,3/16/2013,9/17/2014,2,Y,M,1,550
WBQ-,1713-13955,6590,2013,3/16/2013,9/17/2014,2,Y,M,1,550
WBQ-,1713-13955,6590,2013,3/16/2013,9/17/2014,2,Y,M,1,550
WBQ-,1713-13955,6590,2013,3/16/2013,9/17/2014,2,Y,M,1,550
WPQ-,1713-13956,6591,2013,4/3/2013,6/17/2015,2,Y,M,1,805
WPQ-,1713-13956,6591,2013,4/3/2013,6/17/2015,2,Y,M,1,805
RGQ-,1713-13973,6609,2013,3/25/2013,9/17/2014,2,Y,M,1,541
GAQ-,1713-13980,6616,2014,3/18/2014,6/17/2015,3,Y,M,1,456
ORQ-,1713-13982,6618,2013,3/29/2013,10/16/2013,2,Y,M,1,201
YOQ-,1713-49033,6672,2015,3/26/2015,6/17/2015,4,Y,M,1,83
YOQ-,1713-49033,6672,2015,3/26/2015,6/17/2015,4,Y,M,1,83
YOQ-,1713-49033,6672,2015,3/26/2015,6/17/2015,4,Y,M,1,83
YOQ-,1713-49033,6672,2015,3/26/2015,6/17/2015,4,Y,M,1,83
YHQ-,1713-49039,6678,2013,5/1/2013,6/17/2015,2,Y,M,1,777
LWQ-,1713-49048,6687,2013,3/23/2013,2/12/2014,2,Y,M,1,326
LWQ-,1713-49048,6687,2013,3/23/2013,2/12/2014,2,Y,M,1,326
OAQ-,1713-49054,6693,2013,4/22/2013,6/17/2015,2,Y,M,1,786
OAQ-,1713-49054,6693,2013,4/22/2013,6/17/2015,2,Y,M,1,786
AGQ-,1713-49070,6709,2013,4/4/2013,6/17/2015,2,Y,M,1,804
BBQ-,1713-49072,6711,2014,5/13/2014,6/17/2015,3,Y,M,1,400
BBQ-,1713-49072,6711,2014,5/13/2014,6/17/2015,3,Y,M,1,400
PAQ-,1713-49079,6718,2013,4/17/2013,6/17/2015,2,Y,M,1,791
RGQ-H,1713-49202,6741,2014,4/4/2014,6/17/2015,3,Y,M,1,439
OBQ-,1713-49207,6746,2013,4/1/2013,6/17/2015,2,Y,M,1,807
OBQ-,1713-49207,6746,2013,4/1/2013,6/17/2015,2,Y,M,1,807
OPQ-,1713-49208,6747,2013,5/1/2013,6/17/2015,2,Y,M,1,777
HLQ-,1713-49214,6753,2014,3/20/2014,6/17/2015,3,Y,M,1,454
GWQ-H,1713-49220,6759,2013,3/14/2013,6/17/2015,2,Y,M,1,825
GYQ-H,1713-49223,6762,2013,4/8/2013,8/13/2014,2,Y,M,1,492
GYQ-H,1713-49223,6762,2013,4/8/2013,8/13/2014,2,Y,M,1,492
LRQ-,1713-49234,6773,2013,4/8/2013,4/16/2013,2,Y,M,1,8
WPQ-H,1713-49238,6777,2013,5/2/2013,6/17/2015,2,Y,M,1,776
YYQ-H,1713-49256,6794,2013,3/27/2013,6/17/2015,2,Y,M,1,812
YYQ-H,1713-49256,6794,2013,3/27/2013,6/17/2015,2,Y,M,1,812
YPQ-H,1713-49258,6796,2013,3/27/2013,6/12/2013,2,Y,M,1,77
YPQ-H,1713-49258,6796,2013,3/27/2013,6/12/2013,2,Y,M,1,77
RHQ-H,1713-49273,6812,2013,3/20/2013,6/17/2015,2,Y,M,1,819
RHQ-H,1713-49273,6812,2013,3/20/2013,6/17/2015,2,Y,M,1,819
RHQ-H,1713-49273,6812,2013,3/20/2013,6/17/2015,2,Y,M,1,819
RHQ-H,1713-49273,6812,2013,3/20/2013,6/17/2015,2,Y,M,1,819
BBQ-H,1713-49298,6837,2013,5/4/2013,12/15/2014,2,Y,M,1,590
PWQ-H,1713-49304,6843,2014,4/14/2014,8/13/2014,3,Y,M,1,121
PWQ-H,1713-49304,6843,2014,4/14/2014,8/13/2014,3,Y,M,1,121
nPQ-,1713-49306,6845,2013,4/10/2013,6/17/2015,2,Y,M,1,798
nPQ-,1713-49306,6845,2013,4/10/2013,6/17/2015,2,Y,M,1,798
nPQ-,1713-49306,6845,2013,4/10/2013,6/17/2015,2,Y,M,1,798
L-NB,1713-49336,6883,2013,3/26/2013,6/17/2015,3,N,M,1,813
L-NB,1713-49336,6883,2013,3/26/2013,6/17/2015,3,N,M,1,813
L-NB,1713-49336,6883,2013,3/26/2013,6/17/2015,3,N,M,1,813
GQ-P,1713-49358,6920,2015,4/14/2015,6/17/2015,3,Y,M,1,64
YQ-L,1713-49363,6925,2015,3/19/2015,6/17/2015,3,Y,M,1,90
GQ-A,1713-49369,6931,2015,4/7/2015,6/17/2015,3,Y,M,1,71
GQ-A,1713-49369,6931,2015,4/7/2015,6/17/2015,3,Y,M,1,71
GQ-A,1713-49369,6931,2015,4/7/2015,6/17/2015,3,Y,M,1,71
PQ-B,1713-49377,6939,2015,3/27/2015,6/17/2015,3,Y,M,1,82
PQ-B,1713-49377,6939,2015,3/27/2015,6/17/2015,3,Y,M,1,82
PQ-B,1713-49377,6939,2015,3/27/2015,6/17/2015,3,Y,M,1,82
L-NG,1713-49710,6956,2013,4/2/2013,6/17/2015,2,N,M,1,806
L-NG,1713-49710,6956,2013,4/2/2013,6/17/2015,2,N,M,1,806
6962,,6962,1985,4/12/1985,5/15/1985,1,N,M,1,33
L-NR,1573-66078,6971,2013,4/9/2013,5/13/2015,1,N,M,1,764
L-NR,1573-66078,6971,2013,4/9/2013,5/13/2015,1,N,M,1,764
Q-WR,1713-49708,6976,2015,3/22/2015,6/17/2015,2,Y,M,1,87
Q-WA,1713-49720,6988,2015,4/6/2015,6/17/2015,2,Y,M,1,72
Q-WA,1713-49720,6988,2015,4/6/2015,6/17/2015,2,Y,M,1,72
Q-WA,1713-49720,6988,2015,4/6/2015,6/17/2015,2,Y,M,1,72
Q-GA,1713-49758,7027,2014,4/21/2014,6/17/2015,1,Y,M,1,422
Q-RP,1713-49781,7050,2015,4/5/2015,6/17/2015,2,Y,M,1,73
Q-RP,1713-49781,7050,2015,4/5/2015,6/17/2015,2,Y,M,1,73
Q-RP,1713-49781,7050,2015,4/5/2015,6/17/2015,2,Y,M,1,73
Q-RP,1713-49781,7050,2015,4/5/2015,6/17/2015,2,Y,M,1,73
Q=LW,1713-49792,7061,2015,4/1/2015,6/17/2015,2,Y,M,1,77
Q=LW,1713-49792,7061,2015,4/1/2015,6/17/2015,2,Y,M,1,77
Q=LW,1713-49792,7061,2015,4/1/2015,6/17/2015,2,Y,M,1,77
Q-PB,1713-49800,7069,2015,4/28/2015,6/17/2015,2,Y,M,1,50
Q-PB,1713-49800,7069,2015,4/28/2015,6/17/2015,2,Y,M,1,50
Q-HO,1713-13481,7071,2015,4/7/2015,6/17/2015,2,Y,M,1,71
Q-HO,1713-13481,7071,2015,4/7/2015,6/17/2015,2,Y,M,1,71
Q-HO,1713-13481,7071,2015,4/7/2015,6/17/2015,2,Y,M,1,71
Q-HO,1713-13481,7071,2015,4/7/2015,6/17/2015,2,Y,M,1,71
Q-AB,1573-66071,7130,2015,3/29/2015,6/17/2015,2,Y,M,1,80
Y-NG,1573-66088,7149,2015,3/28/2015,6/17/2015,,N,M,1,81
Y-NG,1573-66088,7149,2015,3/28/2015,6/17/2015,,N,M,1,81
Y-NG,1573-66088,7149,2015,3/28/2015,6/17/2015,,N,M,1,81
A-NR,1713-89762,7332,2015,3/19/2015,6/17/2015,2,N,M,1,90
P-RN,1713-89485,7335,2015,4/24/2015,6/17/2015,1,N,M,1,54
H-WN,1713-89492,7341,2015,4/17/2015,6/17/2015,1,N,M,1,61
B-PN,1713-90117,7356,2015,4/15/2015,5/13/2015,2,N,M,1,28
SGG-,793-09828,416,1981,4/9/1981,12/12/1987,4,Y,F,2,2438
BZ-W,1013-63312,685,1994,3/14/1994,11/13/2000,2,Y,F,2,2436
BZ-W,1013-63312,685,1994,3/14/1994,11/13/2000,2,Y,F,2,2436
PZ-W,1013-63313,686,1994,3/20/1994,1/14/1998,2,Y,F,2,1396
PZ-W,1013-63313,686,1994,3/20/1994,1/14/1998,2,Y,F,2,1396
PZ-W,1013-63313,686,1994,3/20/1994,1/14/1998,2,Y,F,2,1396
PZ-W,1013-63313,686,1994,3/20/1994,1/14/1998,2,Y,F,2,1396
G-GM,1013-63345,718,1992,4/14/1992,3/12/1993,2,N,F,2,332
G-GM,1013-63345,718,1992,4/14/1992,3/12/1993,2,N,F,2,332
WOZ=,1013-63346,719,1992,2/1/1992,3/12/2000,1,Y,F,2,2962
YZ-L,1013-63355,728,1994,4/10/1994,7/11/2002,2,Y,F,2,3014
PZ-F,1013-63366,739,1994,3/23/1994,9/13/1997,2,Y,F,2,1270
PZ-F,1013-63366,739,1994,3/23/1994,9/13/1997,2,Y,F,2,1270
PZ-F,1013-63366,739,1994,3/23/1994,9/13/1997,2,Y,F,2,1270
FZ-R,1013-63367,740,1994,3/26/1994,4/14/1994,2,Y,F,2,19
FZ-R,1013-63367,740,1994,3/26/1994,4/14/1994,2,Y,F,2,19
AZ-R,1013-63368,741,1994,3/23/1994,2/12/1995,2,Y,F,2,326
F-OM,1043-44206,779,1998,5/1/1998,7/14/1999,3,N,F,2,439
F-LM,1043-44210,783,1997,3/30/1997,9/18/1999,2,N,F,2,902
ZWR-,1043-44220,794,1999,3/25/1999,4/11/2003,2,Y,F,2,1478
ZWR-,1043-44220,794,1999,3/25/1999,4/11/2003,2,Y,F,2,1478
ZAG-,1043-44293,867,2001,2/1/2001,6/14/2001,4,Y,F,2,133
R-BC,1043-80102,876,1989,4/4/1989,8/9/1991,3,N,F,2,857
R-BC,1043-80102,876,1989,4/4/1989,8/9/1991,3,N,F,2,857
R-PC,1043-80103,877,1988,4/30/1988,4/15/1991,2,N,F,2,1080
R-PC,1043-80103,877,1988,4/30/1988,4/15/1991,2,N,F,2,1080
R-OC,1043-80104,878,1988,5/4/1988,5/12/1988,2,N,F,2,8
R-FC,1043-80106,880,1988,4/5/1988,8/13/1992,2,N,F,2,1591
G-WC,1043-80109,883,1989,3/25/1989,9/13/1997,3,N,F,2,3094
G-GC,1043-80110,884,1988,2/1/1988,6/15/1990,2,N,F,2,865
G-FC,1043-80114,888,1988,4/20/1988,6/14/1990,2,N,F,2,785
Y-WC,1043-80116,890,1991,3/29/1991,5/16/1993,5,N,F,2,779
Y-YC,1043-80119,893,1988,4/7/1988,8/15/1989,2,N,F,2,495
Y-OC,1043-80122,896,1989,3/28/1989,2/18/1992,3,N,F,2,1057
Y-OC,1043-80122,896,1989,3/28/1989,2/18/1992,3,N,F,2,1057
Y-AC,1043-80124,898,1989,4/8/1989,4/14/1994,3,N,F,2,1832
Y-AC,1043-80124,898,1989,4/8/1989,4/14/1994,3,N,F,2,1832
-SPO,1043-80130,904,1991,3/18/1991,4/14/1993,3,Y,F,2,758
-SPO,1043-80130,904,1991,3/18/1991,4/14/1993,3,Y,F,2,758
SLW=,1043-80157,931,1988,5/6/1988,12/14/1989,1,Y,F,2,587
-SBL,1043-80168,942,1991,3/18/1991,10/13/1992,3,Y,F,2,575
B-GC,1043-80174,948,1993,3/8/1993,9/14/1993,7,N,F,2,190
B-GC,1043-80174,948,1993,3/8/1993,9/14/1993,7,N,F,2,190
B-GC,1043-80174,948,1993,3/8/1993,9/14/1993,7,N,F,2,190
-SPP,1043-80187,961,1991,3/28/1991,8/17/1993,3,Y,F,2,873
-SOL,1043-80193,967,1990,5/2/1990,5/10/1991,2,Y,F,2,373
-SOL,1043-80193,967,1990,5/2/1990,5/10/1991,2,Y,F,2,373
=SFY,1043-80255,1014,1991,3/16/1991,1/13/1995,3,Y,F,2,1399
-ZRB,1043-90524,1061,2002,3/21/2002,5/14/2008,4,Y,F,2,2246
-ZRB,1043-90524,1061,2002,3/21/2002,5/14/2008,4,Y,F,2,2246
-ZYB,1043-90526,1063,2001,5/7/2001,5/14/2001,3,Y,F,2,7
-ZFR,1043-90533,1070,2001,4/18/2001,5/11/2011,3,Y,F,2,3675
-RGZ,1043-90543,1080,1993,3/28/1993,6/15/1999,3,Y,F,2,2270
-YSL,1433-92986,1081,1989,2/1/1989,6/15/1998,3,Y,F,2,3421
-YSL,1433-92986,1081,1989,2/1/1989,6/15/1998,3,Y,F,2,3421
R-RQ,1043-90573,1111,2000,4/23/2000,8/9/2001,3,N,F,2,473
R-RQ,1043-90573,1111,2000,4/23/2000,8/9/2001,3,N,F,2,473
R-YQ,1043-90575,1113,1999,3/15/1999,8/13/2002,2,N,F,2,1247
R-YQ,1043-90575,1113,1999,3/15/1999,8/13/2002,2,N,F,2,1247
R-YQ,1043-90575,1113,1999,3/15/1999,8/13/2002,2,N,F,2,1247
-SRA,1053-14421,1134,1992,5/4/1992,4/14/1993,4,Y,F,2,345
-SPF,1053-14424,1137,1992,4/28/1992,7/16/1992,4,Y,F,2,79
P-OC,1053-14439,1152,1988,4/28/1988,10/17/1993,2,N,F,2,1998
-SOA,1053-14442,1155,1990,4/4/1990,3/12/1993,2,Y,F,2,1073
-SOA,1053-14442,1155,1990,4/4/1990,3/12/1993,2,Y,F,2,1073
O-GC,1053-14471,1181,1989,3/25/1989,8/15/1989,2,N,F,2,143
O-YC,1053-14473,1183,1990,4/23/1990,11/18/1993,3,N,F,2,1305
-SGA,1053-14498,1205,1990,4/9/1990,6/13/1995,2,Y,F,2,1891
-SGA,1053-14498,1205,1990,4/9/1990,6/13/1995,2,Y,F,2,1891
O-PC,1053-14500,1207,1989,5/12/1989,4/10/1997,2,N,F,2,2890
WO-Z,1053-56506,1213,1998,4/6/1998,5/23/1998,9,Y,F,2,47
O-LC,1053-56509,1216,1990,4/10/1990,12/15/1991,3,N,F,2,614
YA-Z,1053-56624,1333,1991,3/10/1991,12/13/1991,2,Y,F,2,278
YA-Z,1053-56624,1333,1991,3/10/1991,12/13/1991,2,Y,F,2,278
FY-Z,1053-56672,1381,1992,4/28/1992,2/12/1995,3,Y,F,2,1020
=SPB,1053-56686,1397,1991,3/22/1991,4/10/1997,3,Y,F,2,2211
G-YC,1053-56723,1435,1990,5/3/1990,9/13/1997,2,N,F,2,2690
G-YC,1053-56723,1435,1990,5/3/1990,9/13/1997,2,N,F,2,2690
F-WC,1053-56725,1437,1991,3/15/1991,9/6/1991,3,N,F,2,175
F-GC,1053-56726,1438,1990,5/12/1990,8/15/1990,2,N,F,2,95
F-GC,1053-56726,1438,1990,5/12/1990,8/15/1990,2,N,F,2,95
F-BC,1053-56728,1440,1990,4/25/1990,6/13/1995,2,N,F,2,1875
L-OC,1053-56730,1442,1990,3/15/1990,1/13/1995,2,N,F,2,1765
L-OC,1053-56730,1442,1990,3/15/1990,1/13/1995,2,N,F,2,1765
P-AC,1053-56749,1461,1990,5/5/1990,8/9/1991,2,N,F,2,461
PWC-,1063-42807,1517,2004,3/11/2004,9/13/2004,3,Y,F,2,186
PWC-,1063-42807,1517,2004,3/11/2004,9/13/2004,3,Y,F,2,186
PWC-,1063-42807,1517,2004,3/11/2004,9/13/2004,3,Y,F,2,186
PWC-,1063-42807,1517,2004,3/11/2004,9/13/2004,3,Y,F,2,186
PWC-,1063-42807,1517,2004,3/11/2004,9/13/2004,3,Y,F,2,186
PWC-,1063-42807,1517,2004,3/11/2004,9/13/2004,3,Y,F,2,186
G-LQ,1063-42808,1518,2002,4/7/2002,12/10/2002,2,N,F,2,247
G-LQ,1063-42808,1518,2002,4/7/2002,12/10/2002,2,N,F,2,247
G-AQ,1063-42810,1520,2002,3/30/2002,6/13/2002,2,N,F,2,75
G-AQ,1063-42810,1520,2002,3/30/2002,6/13/2002,2,N,F,2,75
B-WQ,1063-42811,1521,2004,3/28/2004,9/13/2004,4,N,F,2,169
FC-L,1063-42852,1562,2004,3/20/2004,10/13/2010,2,Y,F,2,2398
OC-W,1063-42859,1569,2006,3/23/2006,7/17/2009,4,Y,F,2,1212
LC-P,1063-42867,1577,2005,4/16/2005,9/11/2006,3,Y,F,2,513
WC-R,1063-42874,1584,2005,4/6/2005,6/13/2007,3,Y,F,2,798
WC-R,1063-42874,1584,2005,4/6/2005,6/13/2007,3,Y,F,2,798
RC-A,1063-42887,1597,2004,4/7/2004,7/13/2006,2,Y,F,2,827
B-PQ,1063-42891,1601,2003,4/4/2003,6/11/2009,3,N,F,2,2260
YC-BU,1063-43073,1614,2005,4/1/2005,8/15/2005,3,Y,F,2,136
YC-BU,1063-43073,1614,2005,4/1/2005,8/15/2005,3,Y,F,2,136
OC-O,1063-43118,1632,2005,3/21/2005,12/12/2005,3,Y,F,2,266
FC-Y,1063-43120,1634,2004,3/26/2004,5/11/2005,2,Y,F,2,411
LC-L,1063-43125,1639,2004,3/26/2004,11/7/2007,2,Y,F,2,1321
BC-fHW,1713-49318,1642,2004,3/26/2004,8/12/2013,2,Y,F,2,3426
P-YQ,1063-43180,1694,2003,4/5/2003,7/20/2011,3,N,F,2,3028
P-YQ,1063-43180,1694,2003,4/5/2003,7/20/2011,3,N,F,2,3028
-BZP,1063-43190,1704,1999,3/23/1999,4/12/2006,3,Y,F,2,2577
-BZP,1063-43190,1704,1999,3/23/1999,4/12/2006,3,Y,F,2,2577
O-WQ,1063-43196,1710,2003,4/22/2003,3/13/2013,2,N,F,2,3613
UC-OG,1063-43487,1715,2005,3/29/2005,8/10/2006,2,Y,F,2,499
UC-OG,1063-43487,1715,2005,3/29/2005,8/10/2006,2,Y,F,2,499
UC-OG,1063-43487,1715,2005,3/29/2005,8/10/2006,2,Y,F,2,499
C-RO,1063-43556,1772,2008,3/19/2008,3/13/2013,5,Y,F,2,1820
C-RO,1063-43556,1772,2008,3/19/2008,3/13/2013,5,Y,F,2,1820
C-fHW,1063-43574,1790,2006,4/4/2006,7/21/2014,3,Y,F,2,3030
C-BO,1063-43580,1796,2005,4/15/2005,11/16/2011,2,Y,F,2,2406
C-BO,1063-43580,1796,2005,4/15/2005,11/16/2011,2,Y,F,2,2406
C-AR,1063-43582,1798,2005,4/1/2005,5/13/2013,2,Y,F,2,2964
C-fHG,1063-43593,1809,2006,3/22/2006,3/13/2013,3,Y,F,2,2548
LC-AU,1063-43078,1820,2004,3/25/2004,3/15/2009,2,Y,F,2,1816
A-PM,1163-68243,1865,1998,5/12/1998,12/10/2001,2,N,F,2,1308
A-PM,1163-68243,1865,1998,5/12/1998,12/10/2001,2,N,F,2,1308
ZPY-,1163-68251,1873,1999,4/6/1999,3/12/2003,2,Y,F,2,1436
ZPY-,1163-68251,1873,1999,4/6/1999,3/12/2003,2,Y,F,2,1436
ZLW-,1163-68260,1882,1999,3/9/1999,6/14/2001,2,Y,F,2,828
ZLW-,1163-68260,1882,1999,3/9/1999,6/14/2001,2,Y,F,2,828
ZPO-,1163-68261,1883,1999,3/25/1999,2/15/2005,2,Y,F,2,2154
ZPO-,1163-68261,1883,1999,3/25/1999,2/15/2005,2,Y,F,2,2154
ZFB-,1163-68265,1887,1999,3/30/1999,4/14/1999,2,Y,F,2,15
ZAB-,1163-68268,1890,1999,3/10/1999,10/14/2009,2,Y,F,2,3871
ZAB-,1163-68268,1890,1999,3/10/1999,10/14/2009,2,Y,F,2,3871
ZAB-,1163-68268,1890,1999,3/10/1999,10/14/2009,2,Y,F,2,3871
ZYO-,1163-68273,1895,2001,3/9/2001,6/14/2001,4,Y,F,2,97
-ZOR,1163-68298,1921,2001,4/6/2001,8/16/2010,3,Y,F,2,3419
SP-B,1163-94276,1997,1980,4/27/1980,12/13/1980,6,Y,F,2,230
-SLR,1323-63712,2132,1980,5/1/1980,12/11/1981,2,Y,F,2,589
-SYR,1323-63763,2182,1980,5/6/1980,2/14/1983,2,Y,F,2,1014
-SAB,1323-63772,2191,1980,5/15/1980,11/11/1983,2,Y,F,2,1275
O-SL,1323-63786,2205,1983,4/7/1983,10/11/1985,7,N,F,2,918
FO-S,1383-27151,2370,1981,3/30/1981,8/10/1983,2,Y,F,2,863
F-SL,1383-27152,2371,1981,4/12/1981,6/10/1989,3,N,F,2,2981
YG-S,1383-27154,2373,1982,4/13/1982,9/14/1987,3,Y,F,2,1980
AY-S,1383-27155,2374,1982,4/13/1982,7/15/1993,3,Y,F,2,4111
F-SF,1383-27156,2375,1980,4/21/1980,5/14/1985,2,N,F,2,1849
-WRS,1383-27164,2383,1983,4/6/1983,6/15/1987,3,Y,F,2,1531
-GPS,1383-27173,2391,1982,4/15/1982,7/12/1988,2,Y,F,2,2280
A-SB,1383-27190,2407,1981,3/26/1981,4/10/1985,2,N,F,2,1476
A-SF,1383-27205,2421,1981,4/1/1981,7/10/1981,2,N,F,2,100
A-SF,1383-27205,2421,1981,4/1/1981,7/10/1981,2,N,F,2,100
GYS-,1383-27214,2430,1984,4/2/1984,6/11/1984,3,Y,F,2,70
GYS-,1383-27214,2430,1984,4/2/1984,6/11/1984,3,Y,F,2,70
WLS-,1383-27224,2439,1983,5/1/1983,11/13/1986,2,Y,F,2,1292
YPS-,1383-27229,2444,1984,4/19/1984,2/13/1989,3,Y,F,2,1761
YBS-,1383-27267,2479,1984,4/3/1984,7/13/1986,3,Y,F,2,831
W-GZ,1383-27277,2489,1982,3/31/1982,5/14/1987,2,N,F,2,1870
W-GZ,1383-27277,2489,1982,3/31/1982,5/14/1987,2,N,F,2,1870
W-BZ,1383-27279,2491,1980,4/29/1980,6/20/1983,2,N,F,2,1147
W-PZ,1383-27280,2492,1982,4/1/1982,3/16/1984,3,N,F,2,715
W-LZ,1383-27283,2495,1982,3/30/1982,1/10/1983,2,N,F,2,286
LS-A,1423-42601,2513,1984,3/7/1984,4/13/1984,2,Y,F,2,37
WS-F,1423-42617,2529,1984,4/6/1984,2/13/1989,2,Y,F,2,1774
GS-F,1423-42619,2531,1984,4/13/1984,3/14/1986,2,Y,F,2,700
YS-O,1423-42633,2545,1985,4/8/1985,3/14/1986,3,Y,F,2,340
YS-A,1423-42635,2547,1984,4/19/1984,6/14/1988,2,Y,F,2,1517
R-OZ,1423-42645,2557,1983,4/11/1983,11/11/1983,2,N,F,2,214
R-AZ,1423-42665,2577,1982,4/4/1982,1/11/1990,2,N,F,2,2839
G-WZ,1423-42667,2579,1984,4/8/1984,9/10/1985,3,N,F,2,520
G-GZ,1423-42669,2581,1985,3/28/1985,8/10/1986,4,N,F,2,500
G-PZ,1423-42684,2596,1982,3/30/1982,9/14/1993,2,N,F,2,4186
G-PZ,1423-42684,2596,1982,3/30/1982,9/14/1993,2,N,F,2,4186
G-OZ,1423-42685,2597,1983,4/5/1983,6/11/1984,2,N,F,2,433
G-OZ,1423-42685,2597,1983,4/5/1983,6/11/1984,2,N,F,2,433
S-BB,1423-42691,2603,1986,4/6/1986,1/11/1990,3,Y,F,2,1376
S-RB,1423-42697,2610,1986,4/25/1986,10/17/1990,3,Y,F,2,1636
S-LP,1423-42713,2626,1986,3/29/1986,5/10/1995,3,Y,F,2,3329
G-LZ,1423-42727,2640,1983,3/23/1983,1/13/1985,2,N,F,2,662
S-PO,1423-42772,2685,1985,4/28/1985,10/11/1989,2,Y,F,2,1627
G-FZ,1423-42774,2687,1983,4/29/1983,8/10/1983,2,N,F,2,103
S-BP,1423-42785,2698,1985,4/3/1985,3/12/1988,2,Y,F,2,1074
SL-Y,1423-42821,2734,1987,2/1/1987,8/15/1990,3,Y,F,2,1291
Y-OZ,1423-42850,2761,1984,4/4/1984,6/11/1984,2,N,F,2,68
Y-FZ,1423-42865,2775,1984,2/1/1984,4/11/1989,2,N,F,2,1896
Y-FZ,1423-42865,2775,1984,2/1/1984,4/11/1989,2,N,F,2,1896
Y-AZ,1423-42899,2809,1984,4/5/1984,9/19/1986,2,N,F,2,897
LBZ=,1433-58315,2820,1993,4/6/1993,4/14/1993,2,Y,F,2,8
A-FC,1433-58324,2829,1993,3/13/1993,7/18/1995,3,N,F,2,857
A-FC,1433-58324,2829,1993,3/13/1993,7/18/1995,3,N,F,2,857
A-AC,1433-58325,2830,1992,4/28/1992,6/15/1998,3,N,F,2,2239
WYZ=,1433-58330,2835,1993,3/29/1993,6/13/2002,2,Y,F,2,3363
W-AM,1433-58342,2847,1993,3/18/1993,4/14/1993,3,N,F,2,27
W-AM,1433-58342,2847,1993,3/18/1993,4/14/1993,3,N,F,2,27
W-AM,1433-58342,2847,1993,3/18/1993,4/14/1993,3,N,F,2,27
R-BM,1433-58349,2854,1993,3/19/1993,7/10/1997,3,N,F,2,1574
R-BM,1433-58349,2854,1993,3/19/1993,7/10/1997,3,N,F,2,1574
G-RM,1433-58369,2863,1992,4/30/1992,12/14/1992,2,N,F,2,228
SR-A,1433-87405,2898,1987,2/1/1987,3/12/1990,3,Y,F,2,1135
B-AZ,1433-87410,2903,1985,5/5/1985,9/16/1994,2,N,F,2,3421
P-BZ,1433-87417,2910,1986,4/11/1986,2/16/1990,3,N,F,2,1407
P-BZ,1433-87417,2910,1986,4/11/1986,2/16/1990,3,N,F,2,1407
WSF-,1433-87429,2922,1989,4/9/1989,12/13/1991,4,Y,F,2,978
WSF-,1433-87429,2922,1989,4/9/1989,12/13/1991,4,Y,F,2,978
WSF-,1433-87429,2922,1989,4/9/1989,12/13/1991,4,Y,F,2,978
P-AZ,1433-87433,2926,1986,3/24/1986,5/10/1989,3,N,F,2,1143
P-AZ,1433-87433,2926,1986,3/24/1986,5/10/1989,3,N,F,2,1143
BSA-,1433-87437,2930,1987,5/8/1987,10/11/1997,2,Y,F,2,3809
BSA-,1433-87437,2930,1987,5/8/1987,10/11/1997,2,Y,F,2,3809
O-WZ,1433-87447,2940,1985,3/31/1985,6/15/1987,2,N,F,2,806
YSF-,1433-87457,2950,1988,4/8/1988,4/11/1989,3,Y,F,2,368
YSF-,1433-87457,2950,1988,4/8/1988,4/11/1989,3,Y,F,2,368
SR-F,1433-87482,2973,1986,4/22/1986,7/12/1988,2,Y,F,2,812
O-RZ,1433-87489,2980,1983,4/4/1983,9/19/1986,2,N,F,2,1264
WSA-,1433-87496,2987,1988,4/16/1988,2/13/1989,3,Y,F,2,303
WSA-,1433-87496,2987,1988,4/16/1988,2/13/1989,3,Y,F,2,303
-BSF,1433-87597,3088,1993,3/18/1993,3/17/1994,7,Y,F,2,364
L-ZW,1433-87606,3097,1989,3/30/1989,7/16/1992,4,N,F,2,1204
L-ZW,1433-87606,3097,1989,3/30/1989,7/16/1992,4,N,F,2,1204
A-ZY,1433-87646,3137,1987,2/1/1987,8/15/1990,2,N,F,2,1291
-LSR,1433-87650,3141,1989,4/10/1989,9/15/1989,3,Y,F,2,158
-LSR,1433-87650,3141,1989,4/10/1989,9/15/1989,3,Y,F,2,158
A-ZO,1433-87654,3145,1988,4/13/1988,2/16/1990,3,N,F,2,674
A-ZO,1433-87654,3145,1988,4/13/1988,2/16/1990,3,N,F,2,674
A-ZO,1433-87654,3145,1988,4/13/1988,2/16/1990,3,N,F,2,674
ASF-,1433-92917,3209,1988,4/5/1988,11/14/1989,3,Y,F,2,588
O-AZ,1433-92935,3227,1988,4/19/1988,1/11/1990,4,N,F,2,632
YSR=,1433-92937,3229,1986,4/18/1986,10/11/1997,1,Y,F,2,4194
L-WZ,1433-92938,3230,1987,4/21/1987,10/17/1990,3,N,F,2,1275
L-LZ,1433-92947,3239,1987,3/22/1987,5/10/1989,3,N,F,2,780
F-RZ,1433-92951,3243,1987,4/15/1987,12/13/1991,3,N,F,2,1703
F-RZ,1433-92951,3243,1987,4/15/1987,12/13/1991,3,N,F,2,1703
-WSO,1433-93025,3316,1989,4/8/1989,7/11/1989,3,Y,F,2,94
-OAS,1433-93032,3323,1983,4/5/1983,2/15/1987,3,Y,F,2,1412
-ASA,1433-93035,3326,1988,3/30/1988,10/11/1989,2,Y,F,2,560
A-RZ,1433-93036,3327,1987,4/22/1987,12/12/1987,2,N,F,2,234
A-RZ,1433-93036,3327,1987,4/22/1987,12/12/1987,2,N,F,2,234
-YSR,1433-93037,3328,1988,4/21/1988,3/12/1989,2,Y,F,2,325
-FSG,1433-93038,3329,1991,3/16/1991,4/17/1992,5,Y,F,2,398
-LSY,1433-93039,3330,1987,4/1/1987,6/15/1987,1,Y,F,2,75
A-YZ,1433-93041,3332,1987,4/6/1987,8/12/1994,2,N,F,2,2685
A-YZ,1433-93041,3332,1987,4/6/1987,8/12/1994,2,N,F,2,2685
A-OZ,1433-93045,3335,1987,4/25/1987,11/12/1987,2,N,F,2,201
YOS=,1433-93066,3357,1984,4/14/1984,9/14/1987,3,Y,F,2,1248
=WSW,1433-93100,3391,1990,4/24/1990,6/14/1990,4,Y,F,2,51
=WSW,1433-93100,3391,1990,4/24/1990,6/14/1990,4,Y,F,2,51
SRA-,1433-93121,3412,1989,4/11/1989,3/10/1997,2,Y,F,2,2890
SRA-,1433-93121,3412,1989,4/11/1989,3/10/1997,2,Y,F,2,2890
W-RC,1433-93187,3478,1990,3/16/1990,9/14/1990,4,N,F,2,182
F-OC,1453-38942,3534,1991,4/12/1991,6/15/1992,3,N,F,2,430
F-AC,1453-38962,3554,1991,2/1/1991,9/16/1994,3,N,F,2,1323
R-AC,1453-39001,3593,1991,4/5/1991,1/18/1992,2,N,F,2,288
B-BC,1453-39002,3594,1991,3/30/1991,4/15/1995,2,N,F,2,1477
G-RC,1453-39026,3618,1991,4/30/1991,6/11/1991,2,N,F,2,42
G-RC,1453-39026,3618,1991,4/30/1991,6/11/1991,2,N,F,2,42
F-FC,1453-39028,3620,1991,3/23/1991,10/17/1993,2,N,F,2,939
A-RC,1453-39029,3621,1992,5/13/1992,2/18/1998,3,N,F,2,2107
A-WC,1453-39041,3633,1992,4/19/1992,6/23/1993,3,N,F,2,430
OPZ-,1453-39093,3685,1993,5/5/1993,2/12/1995,2,Y,F,2,648
OPZ-,1453-39093,3685,1993,5/5/1993,2/12/1995,2,Y,F,2,648
OPZ-,1453-39093,3685,1993,5/5/1993,2/12/1995,2,Y,F,2,648
OGZ-,1453-39105,3697,1993,4/3/1993,1/13/1995,2,Y,F,2,650
OGZ-,1453-39105,3697,1993,4/3/1993,1/13/1995,2,Y,F,2,650
ORZ-,1453-39114,3706,1993,4/1/1993,7/11/1996,2,Y,F,2,1197
A-BC,1453-39131,3723,1991,4/12/1991,7/11/2003,2,N,F,2,4473
WLZ-,1453-39191,3783,1994,2/1/1994,11/10/1994,3,Y,F,2,282
LYZ=,1453-57405,3797,1993,4/10/1993,10/17/1993,2,Y,F,2,190
LYZ=,1453-57405,3797,1993,4/10/1993,10/17/1993,2,Y,F,2,190
LYZ=,1453-57405,3797,1993,4/10/1993,10/17/1993,2,Y,F,2,190
LZ-R,1453-57410,3802,1994,4/9/1994,10/17/1994,2,Y,F,2,191
Y-YM,1453-57412,3804,1993,4/7/1993,3/17/1998,2,N,F,2,1805
B-PC,1453-57434,3826,1994,3/16/1994,2/12/1997,3,N,F,2,1064
W-WM,1453-57437,3829,1993,3/29/1993,5/10/1995,2,N,F,2,772
W-WM,1453-57437,3829,1993,3/29/1993,5/10/1995,2,N,F,2,772
R-WM,1453-57438,3830,2000,4/29/2000,6/14/2001,9,N,F,2,411
Z-OW,1453-63507,3900,1995,5/1/1995,12/13/1997,2,Y,F,2,957
Z-RL,1453-63519,3912,1995,4/25/1995,3/17/1998,2,Y,F,2,1057
Z-RL,1453-63519,3912,1995,4/25/1995,3/17/1998,2,Y,F,2,1057
Z-LG,1453-63525,3918,1996,4/6/1996,4/10/2002,3,Y,F,2,2195
Z-LG,1453-63525,3918,1996,4/6/1996,4/10/2002,3,Y,F,2,2195
Z-LG,1453-63525,3918,1996,4/6/1996,4/10/2002,3,Y,F,2,2195
Z-LY,1453-63535,3927,1996,4/11/1996,1/14/1998,3,Y,F,2,643
Z-LY,1453-63535,3927,1996,4/11/1996,1/14/1998,3,Y,F,2,643
Z-GB,1453-63548,3940,1996,4/3/1996,11/12/2003,3,Y,F,2,2779
Z-FB,1453-63572,3964,1995,4/14/1995,6/11/1997,2,Y,F,2,789
Z-FB,1453-63572,3964,1995,4/14/1995,6/11/1997,2,Y,F,2,789
Z-FB,1453-63572,3964,1995,4/14/1995,6/11/1997,2,Y,F,2,789
Z-GO,1453-63577,3969,1995,4/27/1995,5/14/2001,2,Y,F,2,2209
Z-YO,1453-63578,3970,1996,3/25/1996,5/18/1998,3,Y,F,2,784
Y-GM,1453-63579,3971,1994,3/30/1994,12/13/1997,3,N,F,2,1354
Y-GM,1453-63579,3971,1994,3/30/1994,12/13/1997,3,N,F,2,1354
Z-LB,1453-63588,3980,1996,4/28/1996,9/13/1997,3,Y,F,2,503
Z-FO,1453-63589,3981,1995,5/5/1995,6/15/2000,2,Y,F,2,1868
Z-BL,1453-63591,3983,1994,4/17/1994,1/13/1995,1,Y,F,2,271
Z-WF,1453-63595,3987,1995,4/7/1995,2/15/2005,2,Y,F,2,3602
Z-GF,1453-63597,3989,1995,4/23/1995,8/11/1995,2,Y,F,2,110
Z-GF,1453-63597,3989,1995,4/23/1995,8/11/1995,2,Y,F,2,110
UZ-PY,1453-63618,4010,1994,4/19/1994,6/15/1994,1,Y,F,2,57
UZ-AF,1453-63622,4014,1995,4/7/1995,2/11/2002,2,Y,F,2,2502
Y-FM,1453-63653,4045,1993,4/27/1993,1/14/1998,2,N,F,2,1723
B-WM,1453-63693,4085,1993,3/12/1993,7/15/1993,2,N,F,2,125
B-OM,1453-63698,4090,1994,4/1/1994,4/11/2003,2,N,F,2,3297
B-OM,1453-63698,4090,1994,4/1/1994,4/11/2003,2,N,F,2,3297
B-OM,1453-63698,4090,1994,4/1/1994,4/11/2003,2,N,F,2,3297
Z-OO,1453-63699,4091,1995,4/25/1995,3/13/2001,2,Y,F,2,2149
Z-OO,1453-63699,4091,1995,4/25/1995,3/13/2001,2,Y,F,2,2149
Y-WM,1453-72702,4096,1994,4/2/1994,3/17/1998,2,N,F,2,1445
Y-OM,1453-72705,4099,1994,4/28/1994,7/16/1998,2,N,F,2,1540
Z-BA,1453-72719,4113,1995,5/6/1995,8/10/1996,2,Y,F,2,462
ZP-G,1453-72723,4117,1996,4/27/1996,2/12/2001,2,Y,F,2,1752
ZP-G,1453-72723,4117,1996,4/27/1996,2/12/2001,2,Y,F,2,1752
ZF-W,1453-72749,4143,1997,3/15/1997,9/11/2006,3,Y,F,2,3467
ZB-GU,1453-72860,4254,1996,4/6/1996,8/10/1996,2,Y,F,2,126
ZB-GU,1453-72860,4254,1996,4/6/1996,8/10/1996,2,Y,F,2,126
ZO-YU,1453-72893,4287,1996,4/12/1996,7/12/2001,2,Y,F,2,1917
ZO-YU,1453-72893,4287,1996,4/12/1996,7/12/2001,2,Y,F,2,1917
WZY-K,1453-75688,4295,1997,3/24/1997,10/11/1997,2,Y,F,2,201
WZY-K,1453-75688,4295,1997,3/24/1997,10/11/1997,2,Y,F,2,201
WZY-K,1453-75688,4295,1997,3/24/1997,10/11/1997,2,Y,F,2,201
P-RM,1453-78036,4330,1994,3/14/1994,2/11/2000,2,N,F,2,2160
P-RM,1453-78036,4330,1994,3/14/1994,2/11/2000,2,N,F,2,2160
ZB-G,1453-78037,4331,1997,3/31/1997,7/15/2004,3,Y,F,2,2663
ZB-G,1453-78037,4331,1997,3/31/1997,7/15/2004,3,Y,F,2,2663
ZY-Y,1453-78051,4345,1996,4/8/1996,10/11/1997,2,Y,F,2,551
ZY-Y,1453-78051,4345,1996,4/8/1996,10/11/1997,2,Y,F,2,551
ZY-Y,1453-78051,4345,1996,4/8/1996,10/11/1997,2,Y,F,2,551
R-YM,1453-78058,4352,1995,4/9/1995,10/13/2004,2,N,F,2,3475
Y-AM,1453-78063,4357,1995,4/26/1995,11/13/1999,2,N,F,2,1662
O-RM,1453-78070,4364,1995,4/14/1995,7/11/2003,2,N,F,2,3010
O-RM,1453-78070,4364,1995,4/14/1995,7/11/2003,2,N,F,2,3010
P-FM,1453-78072,4366,1996,4/11/1996,11/12/2002,3,N,F,2,2406
ZW-L,1453-78073,4367,1995,5/4/1995,7/16/1998,1,Y,F,2,1169
ZW-L,1453-78073,4367,1995,5/4/1995,7/16/1998,1,Y,F,2,1169
P-AM,1453-78075,4369,1995,4/9/1995,11/11/2004,2,N,F,2,3504
ZB-LU,1453-78096,4390,1997,5/7/1997,12/13/1997,3,Y,F,2,220
ZB-LU,1453-78096,4390,1997,5/7/1997,12/13/1997,3,Y,F,2,220
O-YM,1453-78105,4399,1995,4/11/1995,5/11/2004,2,N,F,2,3318
ZP-L,1453-78106,4400,1996,3/31/1996,6/14/2004,2,Y,F,2,2997
P-BM,1453-78114,4408,1996,4/4/1996,6/15/2000,3,N,F,2,1533
P-BM,1453-78114,4408,1996,4/4/1996,6/15/2000,3,N,F,2,1533
ZL-L,1453-78141,4435,1996,4/21/1996,1/13/2000,2,Y,F,2,1362
ZL-L,1453-78141,4435,1996,4/21/1996,1/13/2000,2,Y,F,2,1362
ZL-L,1453-78141,4435,1996,4/21/1996,1/13/2000,2,Y,F,2,1362
O-GM,1453-78142,4436,1995,4/28/1995,9/18/1999,2,N,F,2,1604
ZF-L,1453-78146,4439,1996,4/6/1996,6/14/2001,2,Y,F,2,1895
ZW-F,1453-78179,4472,1997,3/13/1997,12/13/1997,3,Y,F,2,275
RZY-,1453-78182,4475,1998,4/3/1998,7/16/1998,3,Y,F,2,104
RZY-,1453-78182,4475,1998,4/3/1998,7/16/1998,3,Y,F,2,104
BZB-,1453-78185,4478,1997,3/28/1997,8/9/2001,2,Y,F,2,1595
LZA-U,1453-78195,4488,1997,4/18/1997,7/10/1997,2,Y,F,2,83
OZF-U,1453-78207,4500,1998,4/25/1998,6/14/2001,3,Y,F,2,1146
OZF-U,1453-78207,4500,1998,4/25/1998,6/14/2001,3,Y,F,2,1146
OZF-U,1453-78207,4500,1998,4/25/1998,6/14/2001,3,Y,F,2,1146
O-LM,1453-78223,4516,1996,4/8/1996,6/14/2004,3,N,F,2,2989
O-LM,1453-78223,4516,1996,4/8/1996,6/14/2004,3,N,F,2,2989
O-LM,1453-78223,4516,1996,4/8/1996,6/14/2004,3,N,F,2,2989
O-AM,1453-78224,4517,1997,4/16/1997,3/13/2001,3,N,F,2,1427
L-YM,1453-78232,4525,1997,3/21/1997,2/18/1998,3,N,F,2,334
L-YM,1453-78232,4525,1997,3/21/1997,2/18/1998,3,N,F,2,334
LZB-,1453-78233,4526,1997,3/10/1997,10/11/1997,2,Y,F,2,215
L-RM,1453-78234,4527,1996,5/1/1996,2/18/1998,2,N,F,2,658
L-BM,1453-78235,4528,1997,3/25/1997,2/18/1998,3,N,F,2,330
L-OM,1453-78248,4541,1996,5/6/1996,4/11/2003,2,N,F,2,2531
L-LM,1453-78249,4542,1996,4/8/1996,3/10/1997,2,N,F,2,336
L-FM,1453-78250,4543,1997,4/28/1997,6/14/2001,3,N,F,2,1508
L-AM,1453-78251,4544,1997,3/21/1997,4/14/1998,3,N,F,2,389
F-WM,1453-78255,4548,1996,4/21/1996,8/16/2007,2,N,F,2,4134
F-WM,1453-78255,4548,1996,4/21/1996,8/16/2007,2,N,F,2,4134
-YZR,1453-78266,4558,1999,3/15/1999,1/13/2000,3,Y,F,2,304
-YZR,1453-78266,4558,1999,3/15/1999,1/13/2000,3,Y,F,2,304
-YZR,1453-78266,4558,1999,3/15/1999,1/13/2000,3,Y,F,2,304
-LZR,1453-78270,4562,1998,4/16/1998,3/13/2007,2,Y,F,2,3253
-LZR,1453-78270,4562,1998,4/16/1998,3/13/2007,2,Y,F,2,3253
-LZR,1453-78270,4562,1998,4/16/1998,3/13/2007,2,Y,F,2,3253
-FZG,1453-78280,4573,1998,5/2/1998,11/14/2006,2,Y,F,2,3118
-FZG,1453-78280,4573,1998,5/2/1998,11/14/2006,2,Y,F,2,3118
-PZY,1453-78286,4579,1999,3/21/1999,6/15/1999,3,Y,F,2,86
-LZB,1453-78296,4588,1998,4/14/1998,7/12/2001,2,Y,F,2,1185
-WZB,1453-78298,4590,1998,4/13/1998,5/10/2000,2,Y,F,2,758
-OZP,1453-78304,4596,1999,3/9/1999,7/19/2007,3,Y,F,2,3054
-OZP,1453-78304,4596,1999,3/9/1999,7/19/2007,3,Y,F,2,3054
-OZP,1453-78304,4596,1999,3/9/1999,7/19/2007,3,Y,F,2,3054
-LZP,1453-78305,4597,1998,4/15/1998,6/13/2002,2,Y,F,2,1520
-FZP,1453-78306,4598,1999,3/30/1999,2/12/2001,3,Y,F,2,685
-FZP,1453-78306,4598,1999,3/30/1999,2/12/2001,3,Y,F,2,685
-OZL,1453-78322,4613,1999,3/18/1999,3/14/2005,3,Y,F,2,2188
-FZO,1453-78330,4621,1999,3/16/1999,4/14/1999,3,Y,F,2,29
-RZW,1453-78349,4640,1999,3/16/1999,9/10/2002,3,Y,F,2,1274
-RZW,1453-78349,4640,1999,3/16/1999,9/10/2002,3,Y,F,2,1274
F-GM,1453-78363,4654,1996,4/9/1996,7/11/1996,2,N,F,2,93
-YZY,1453-78372,4664,1999,3/31/1999,9/11/2000,3,Y,F,2,530
-YZY,1453-78372,4664,1999,3/31/1999,9/11/2000,3,Y,F,2,530
-YZY,1453-78372,4664,1999,3/31/1999,9/11/2000,3,Y,F,2,530
-YZY,1453-78372,4664,1999,3/31/1999,9/11/2000,3,Y,F,2,530
FZB-,1453-78400,4692,1997,3/21/1997,8/10/1997,2,Y,F,2,142
SP-F,1453-78402,4693,1986,4/5/1986,10/11/1997,2,Y,F,2,4207
U-GZA,1513-02448,4698,1999,3/24/1999,10/10/2002,3,Y,F,2,1296
U-GZA,1513-02448,4698,1999,3/24/1999,10/10/2002,3,Y,F,2,1296
WG-C,1513-50116,4713,2001,4/14/2001,5/11/2004,2,Y,F,2,1123
LY-C,1513-50144,4741,2002,3/17/2002,12/10/2002,3,Y,F,2,268
LY-C,1513-50144,4741,2002,3/17/2002,12/10/2002,3,Y,F,2,268
GR-C,1513-50159,4756,2004,3/20/2004,7/19/2007,5,Y,F,2,1216
BR-C,1513-50161,4758,2002,3/20/2002,7/11/2008,3,Y,F,2,2305
BR-C,1513-50161,4758,2002,3/20/2002,7/11/2008,3,Y,F,2,2305
BR-C,1513-50161,4758,2002,3/20/2002,7/11/2008,3,Y,F,2,2305
-ZYR,1513-50172,4769,1999,4/22/1999,7/13/2006,1,Y,F,2,2639
WL-C,1513-50178,4775,2003,4/23/2003,9/10/2003,4,Y,F,2,140
PL-C,1603-17448,4790,2002,3/10/2002,3/13/2007,3,Y,F,2,1829
PL-C,1603-17448,4790,2002,3/10/2002,3/13/2007,3,Y,F,2,1829
LO-C,1513-50196,4793,2001,4/16/2001,3/10/2004,2,Y,F,2,1059
WO-ZU,1513-50246,4798,2001,4/2/2001,8/19/2009,2,Y,F,2,3061
OP-C,1513-50324,4822,2002,3/19/2002,7/11/2003,3,Y,F,2,479
FR-C,1513-50328,4826,2003,3/22/2003,1/14/2004,4,Y,F,2,298
RL-C,1513-50331,4829,2002,3/31/2002,3/14/2012,3,Y,F,2,3636
BG-C,1513-50356,4854,2001,4/14/2001,6/14/2004,2,Y,F,2,1157
WF-C,1513-50361,4859,2002,4/10/2002,11/18/2009,3,Y,F,2,2779
WF-C,1513-50361,4859,2002,4/10/2002,11/18/2009,3,Y,F,2,2779
R-FQ,1513-50372,4870,2001,3/16/2001,7/11/2008,3,N,F,2,2674
R-FQ,1513-50372,4870,2001,3/16/2001,7/11/2008,3,N,F,2,2674
R-FQ,1513-50372,4870,2001,3/16/2001,7/11/2008,3,N,F,2,2674
A-AM,1513-50375,4873,2000,4/1/2000,12/15/2014,2,N,F,2,5371
R-AQ,1513-50376,4874,2002,3/30/2002,7/11/2002,4,N,F,2,103
R-AQ,1513-50376,4874,2002,3/30/2002,7/11/2002,4,N,F,2,103
WA-C,1513-50377,4875,2001,4/14/2001,6/13/2007,2,Y,F,2,2251
R-BQ,1513-50380,4878,2000,4/6/2000,8/9/2001,2,N,F,2,490
-GWC,1513-50718,4918,2002,4/6/2002,12/14/2011,2,Y,F,2,3539
-GWC,1513-50718,4918,2002,4/6/2002,12/14/2011,2,Y,F,2,3539
-RPC,1513-50742,4942,2003,5/1/2003,12/12/2005,3,Y,F,2,956
-RPC,1513-50742,4942,2003,5/1/2003,12/12/2005,3,Y,F,2,956
-OfHC,1513-50781,4982,2002,4/15/2002,3/13/2013,2,Y,F,2,3985
-OfHC,1513-50781,4982,2002,4/15/2002,3/13/2013,2,Y,F,2,3985
-OfHC,1513-50781,4982,2002,4/15/2002,3/13/2013,2,Y,F,2,3985
AB-C,1513-50786,4987,2002,4/25/2002,4/12/2005,3,Y,F,2,1083
-RGC,1513-50789,4990,2004,3/15/2004,9/13/2004,4,Y,F,2,182
O-FC,1513-50793,4994,2002,3/16/2002,6/13/2007,3,N,F,2,1915
O-FC,1513-50793,4994,2002,3/16/2002,6/13/2007,3,N,F,2,1915
G-RQ,1513-50795,4996,2002,3/23/2002,3/13/2008,3,N,F,2,2182
G-GQ,1513-50796,4997,2001,4/11/2001,3/15/2006,2,N,F,2,1799
G-GQ,1513-50796,4997,2001,4/11/2001,3/15/2006,2,N,F,2,1799
U-GRC,1513-50838,5002,2003,4/12/2003,12/12/2005,3,Y,F,2,975
U-GRC,1513-50838,5002,2003,4/12/2003,12/12/2005,3,Y,F,2,975
U-LGC,1603-51824,5003,2003,4/14/2003,11/17/2010,3,Y,F,2,2774
U-LGC,1603-51824,5003,2003,4/14/2003,11/17/2010,3,Y,F,2,2774
FWC-,1513-50918,5021,2003,4/29/2003,9/12/2005,2,Y,F,2,867
BGC-,1513-50925,5028,2004,3/19/2004,12/11/2013,3,Y,F,2,3554
BGC-,1513-50925,5028,2004,3/19/2004,12/11/2013,3,Y,F,2,3554
PBC-,1513-50938,5041,2004,4/15/2004,7/17/2009,3,Y,F,2,1919
BRC-,1513-50980,5083,2004,3/25/2004,5/13/2013,3,Y,F,2,3336
BRC-,1513-50980,5083,2004,3/25/2004,5/13/2013,3,Y,F,2,3336
PLC-,1513-50992,5095,2003,4/23/2003,4/12/2006,2,Y,F,2,1085
PLC-,1513-50992,5095,2003,4/23/2003,4/12/2006,2,Y,F,2,1085
CB-RI,1573-65046,5104,2007,3/31/2007,6/15/2011,1,Y,F,2,1537
CB-RI,1573-65046,5104,2007,3/31/2007,6/15/2011,1,Y,F,2,1537
CY-PI,1573-65060,5105,2006,3/20/2006,12/12/2012,2,Y,F,2,2459
CY-PI,1573-65060,5105,2006,3/20/2006,12/12/2012,2,Y,F,2,2459
O-AQ,1573-65906,5112,2004,4/3/2004,7/11/2008,2,N,F,2,1560
O-AQ,1573-65906,5112,2004,4/3/2004,7/11/2008,2,N,F,2,1560
P-OQ,1573-65907,5113,2004,3/21/2004,4/18/2007,2,N,F,2,1123
O-RQ,1573-65908,5114,2006,4/7/2006,1/14/2009,4,N,F,2,1013
O-RQ,1573-65908,5114,2006,4/7/2006,1/14/2009,4,N,F,2,1013
C-PB,1573-65909,5115,2005,4/15/2005,5/16/2007,2,Y,F,2,761
C-PB,1573-65909,5115,2005,4/15/2005,5/16/2007,2,Y,F,2,761
CH-R,1573-65923,5129,2007,3/27/2007,7/11/2008,3,Y,F,2,472
CH-R,1573-65923,5129,2007,3/27/2007,7/11/2008,3,Y,F,2,472
CH-G,1573-65933,5139,2007,4/1/2007,11/17/2010,3,Y,F,2,1326
CL-B,1573-65956,5162,2006,5/9/2006,3/13/2007,2,Y,F,2,308
CG-P,1573-65959,5165,2006,4/20/2006,8/16/2007,2,Y,F,2,483
CL-P,1573-65973,5180,2007,4/6/2007,4/11/2012,3,Y,F,2,1832
CL-P,1573-65973,5180,2007,4/6/2007,4/11/2012,3,Y,F,2,1832
CL-P,1573-65973,5180,2007,4/6/2007,4/11/2012,3,Y,F,2,1832
CL-P,1573-65973,5180,2007,4/6/2007,4/11/2012,3,Y,F,2,1832
CP-L,1573-65984,5191,2006,4/8/2006,8/16/2010,2,Y,F,2,1591
CP-L,1573-65984,5191,2006,4/8/2006,8/16/2010,2,Y,F,2,1591
CL-L,1573-65986,5193,2006,4/1/2006,3/15/2009,2,Y,F,2,1079
CL-L,1573-65986,5193,2006,4/1/2006,3/15/2009,2,Y,F,2,1079
C-RB,1573-66101,5208,2005,3/31/2005,12/13/2006,2,Y,F,2,622
C-RB,1573-66101,5208,2005,3/31/2005,12/13/2006,2,Y,F,2,622
C-RB,1573-66101,5208,2005,3/31/2005,12/13/2006,2,Y,F,2,622
C-RB,1573-66101,5208,2005,3/31/2005,12/13/2006,2,Y,F,2,622
F-RQ,1573-66250,5209,2004,5/10/2004,8/18/2008,2,N,F,2,1561
F-RQ,1573-66250,5209,2004,5/10/2004,8/18/2008,2,N,F,2,1561
P-FQ,1573-66516,5226,2004,4/7/2004,1/18/2012,2,N,F,2,2842
P-FQ,1573-66516,5226,2004,4/7/2004,1/18/2012,2,N,F,2,2842
P-FQ,1573-66516,5226,2004,4/7/2004,1/18/2012,2,N,F,2,2842
P-FQ,1573-66516,5226,2004,4/7/2004,1/18/2012,2,N,F,2,2842
CR-H,1573-66535,5245,2007,4/3/2007,6/11/2014,3,Y,F,2,2626
L-GQ,1573-66572,5282,2005,4/1/2005,6/13/2007,2,N,F,2,803
L-GQ,1573-66572,5282,2005,4/1/2005,6/13/2007,2,N,F,2,803
CO-B,1573-66574,5284,2006,4/5/2006,5/13/2009,2,Y,F,2,1134
L-BQ,1573-66575,5285,2005,4/2/2005,7/20/2011,2,N,F,2,2300
CR-R,1573-66576,5286,2006,3/29/2006,2/18/2010,2,Y,F,2,1422
L-PQ,1573-66579,5289,2005,3/15/2005,6/17/2015,2,N,F,2,3746
L-PQ,1573-66579,5289,2005,3/15/2005,6/17/2015,2,N,F,2,3746
L-PQ,1573-66579,5289,2005,3/15/2005,6/17/2015,2,N,F,2,3746
RCR-,1573-66591,5301,2008,3/22/2008,10/15/2008,3,Y,F,2,207
GCR-,1573-66592,5302,2007,3/28/2007,6/11/2009,2,Y,F,2,806
CO-O,1573-66593,5303,2006,4/1/2006,6/16/2010,4,Y,F,2,1537
HCR-,1573-66594,5304,2007,3/20/2007,6/17/2015,2,Y,F,2,3011
HCR-,1573-66594,5304,2007,3/20/2007,6/17/2015,2,Y,F,2,3011
HCR-,1573-66594,5304,2007,3/20/2007,6/17/2015,2,Y,F,2,3011
GCO-,1573-97934,5344,2007,3/25/2007,6/13/2007,2,Y,F,2,80
ACL-,1573-97973,5383,2008,3/21/2008,4/16/2014,3,Y,F,2,2217
WCB-,1603-16604,5414,2008,3/30/2008,3/18/2010,3,Y,F,2,718
WCA-,1603-16620,5430,2008,3/26/2008,7/11/2008,3,Y,F,2,107
F-PQ,1603-16635,5445,2007,4/12/2007,4/14/2009,3,N,F,2,733
F-PQ,1603-16635,5445,2007,4/12/2007,4/14/2009,3,N,F,2,733
GCP-,1603-16637,5447,2008,3/27/2008,10/17/2012,3,Y,F,2,1665
GCP-,1603-16637,5447,2008,3/27/2008,10/17/2012,3,Y,F,2,1665
-GCW,1603-16641,5451,2008,3/19/2008,2/16/2011,2,Y,F,2,1064
L-LQ,1603-16643,5453,2006,4/9/2006,7/11/2008,2,N,F,2,824
-RCR,1603-16648,5458,2009,3/23/2009,11/14/2012,3,Y,F,2,1332
L-FQ,1603-16659,5469,2008,3/29/2008,9/14/2011,4,N,F,2,1264
L-FQ,1603-16659,5469,2008,3/29/2008,9/14/2011,4,N,F,2,1264
-WCG,1603-16663,5473,2009,4/11/2009,1/18/2012,3,Y,F,2,1012
A-RQ,1603-16670,5480,2007,4/7/2007,4/13/2011,3,N,F,2,1467
A-RQ,1603-16670,5480,2007,4/7/2007,4/13/2011,3,N,F,2,1467
A-RQ,1603-16670,5480,2007,4/7/2007,4/13/2011,3,N,F,2,1467
-FCH,1603-16678,5488,2008,3/25/2008,2/18/2010,2,Y,F,2,695
A-GQ,1603-17236,5546,2006,4/1/2006,5/16/2007,2,N,F,2,410
A-GQ,1603-17236,5546,2006,4/1/2006,5/16/2007,2,N,F,2,410
-FCF,1603-17239,5549,2010,3/19/2010,9/17/2014,4,Y,F,2,1643
-FCF,1603-17239,5549,2010,3/19/2010,9/17/2014,4,Y,F,2,1643
-GCH,1603-17248,5558,2010,4/15/2010,4/13/2011,4,Y,F,2,363
H-RCG,1603-17271,5581,2010,4/8/2010,4/13/2011,4,Y,F,2,370
H-RCG,1603-17271,5581,2010,4/8/2010,4/13/2011,4,Y,F,2,370
H-LCH,1603-17277,5587,2008,3/28/2008,10/15/2008,2,Y,F,2,201
H-LCH,1603-17277,5587,2008,3/28/2008,10/15/2008,2,Y,F,2,201
H-LCH,1603-17277,5587,2008,3/28/2008,10/15/2008,2,Y,F,2,201
H-LCH,1603-17277,5587,2008,3/28/2008,10/15/2008,2,Y,F,2,201
H-LCH,1603-17277,5587,2008,3/28/2008,10/15/2008,2,Y,F,2,201
F-FQ,1603-17283,5593,2006,4/1/2006,2/14/2007,2,N,F,2,319
A-LQ,1603-17294,5604,2006,4/13/2006,8/18/2008,2,N,F,2,858
-HCL,1603-17405,5615,2009,4/24/2009,6/17/2015,3,Y,F,2,2245
H-PCP,1603-17407,5617,2010,3/30/2010,12/14/2011,4,Y,F,2,624
H-PCP,1603-17407,5617,2010,3/30/2010,12/14/2011,4,Y,F,2,624
H-FCP,1603-17410,5620,2012,4/6/2012,5/13/2013,6,Y,F,2,402
H-FCP,1603-17410,5620,2012,4/6/2012,5/13/2013,6,Y,F,2,402
H-FCP,1603-17410,5620,2012,4/6/2012,5/13/2013,6,Y,F,2,402
H-BCB,1603-17415,5625,2010,4/7/2010,9/18/2013,4,Y,F,2,1260
Y-OQ,1603-17433,5643,2010,3/27/2010,6/17/2015,5,N,F,2,1908
Y-OQ,1603-17433,5643,2010,3/27/2010,6/17/2015,5,N,F,2,1908
-FCG,1603-17438,5648,2008,3/17/2008,10/14/2009,2,Y,F,2,576
-FCG,1603-17438,5648,2008,3/17/2008,10/14/2009,2,Y,F,2,576
H-HCL,1603-17449,5659,2008,3/24/2008,6/17/2015,2,Y,F,2,2641
H-HCL,1603-17449,5659,2008,3/24/2008,6/17/2015,2,Y,F,2,2641
CHW-,1603-17462,5672,2008,4/12/2008,7/11/2008,1,Y,F,2,90
CfHW-,1603-17497,5707,2010,4/7/2010,6/17/2015,3,Y,F,2,1897
CRA-,1603-51150,5760,2009,4/1/2009,8/22/2012,2,Y,F,2,1239
CRA-,1603-51150,5760,2009,4/1/2009,8/22/2012,2,Y,F,2,1239
A-AQ,1603-51151,5761,2007,4/3/2007,1/15/2008,2,N,F,2,287
A-AQ,1603-51151,5761,2007,4/3/2007,1/15/2008,2,N,F,2,287
W-NG,1603-51152,5762,2008,3/12/2008,10/13/2010,2,N,F,2,945
Y-NO,1603-51154,5764,2008,3/31/2008,12/15/2014,2,N,F,2,2450
O-NB,1603-51155,5765,2005,3/29/2005,12/14/2011,2,N,F,2,2451
O-NB,1603-51155,5765,2005,3/29/2005,12/14/2011,2,N,F,2,2451
O-NB,1603-51155,5765,2005,3/29/2005,12/14/2011,2,N,F,2,2451
CWR-,1603-51161,5771,2010,3/18/2010,4/16/2013,3,Y,F,2,1125
CWR-,1603-51161,5771,2010,3/18/2010,4/16/2013,3,Y,F,2,1125
CWR-,1603-51161,5771,2010,3/18/2010,4/16/2013,3,Y,F,2,1125
CWR-,1603-51161,5771,2010,3/18/2010,4/16/2013,3,Y,F,2,1125
-CWA,1603-51195,5801,2010,4/1/2010,7/18/2012,2,Y,F,2,839
-CWA,1603-51195,5801,2010,4/1/2010,7/18/2012,2,Y,F,2,839
-CGL,1603-51196,5802,2010,3/29/2010,4/16/2013,2,Y,F,2,1114
H-NH,1603-51315,5807,2008,3/31/2008,1/20/2010,2,N,F,2,660
G-NP,1603-51317,5809,2008,3/22/2008,7/11/2008,2,N,F,2,111
G-NP,1603-51317,5809,2008,3/22/2008,7/11/2008,2,N,F,2,111
-CPP,1603-51518,5827,2010,4/6/2010,6/17/2015,2,Y,F,2,1898
-CPP,1603-51518,5827,2010,4/6/2010,6/17/2015,2,Y,F,2,1898
-CLH,1603-51550,5859,2010,4/4/2010,8/16/2010,2,Y,F,2,134
-CLH,1603-51550,5859,2010,4/4/2010,8/16/2010,2,Y,F,2,134
-CLH,1603-51550,5859,2010,4/4/2010,8/16/2010,2,Y,F,2,134
-CBR,1603-51571,5880,2010,4/1/2010,6/17/2015,2,Y,F,2,1903
-CBR,1603-51571,5880,2010,4/1/2010,6/17/2015,2,Y,F,2,1903
-CAG,1603-51717,5926,2011,3/20/2011,6/17/2015,3,Y,F,2,1550
-CAG,1603-51717,5926,2011,3/20/2011,6/17/2015,3,Y,F,2,1550
-CBP,1603-51720,5929,2010,4/26/2010,6/17/2015,2,Y,F,2,1878
-CBP,1603-51720,5929,2010,4/26/2010,6/17/2015,2,Y,F,2,1878
-CBP,1603-51720,5929,2010,4/26/2010,6/17/2015,2,Y,F,2,1878
-CBP,1603-51720,5929,2010,4/26/2010,6/17/2015,2,Y,F,2,1878
B-NG,1603-51727,5936,2008,3/30/2008,4/11/2012,2,N,F,2,1473
W-NP,1603-51729,5938,2008,3/13/2008,7/11/2008,2,N,F,2,120
W-NP,1603-51729,5938,2008,3/13/2008,7/11/2008,2,N,F,2,120
W-NP,1603-51729,5938,2008,3/13/2008,7/11/2008,2,N,F,2,120
W-NY,1603-51739,5948,2008,3/25/2008,10/14/2009,2,N,F,2,568
R-NR,1603-51751,5960,2008,3/16/2008,12/12/2012,2,N,F,2,1732
R-NR,1603-51751,5960,2008,3/16/2008,12/12/2012,2,N,F,2,1732
H-CGW,1603-51790,5999,2010,4/28/2010,6/12/2013,2,Y,F,2,1141
R-NG,1603-51809,6018,2008,4/12/2008,6/17/2015,1,N,F,2,2622
W-NB,1603-51810,6019,2010,4/1/2010,6/17/2015,3,N,F,2,1903
W-NB,1603-51810,6019,2010,4/1/2010,6/17/2015,3,N,F,2,1903
W-NB,1603-51810,6019,2010,4/1/2010,6/17/2015,3,N,F,2,1903
H-NL,1603-51813,6022,2009,4/3/2009,4/14/2009,2,N,F,2,11
R-NP,1603-51814,6023,2009,3/31/2009,3/11/2015,2,N,F,2,2171
R-NP,1603-51814,6023,2009,3/31/2009,3/11/2015,2,N,F,2,2171
ZO-KF,963-80576,6059,1996,5/1/1996,7/10/1997,2,Y,F,2,435
U-ZBR,1173-04940,6060,2000,4/10/2000,3/13/2001,2,Y,F,2,337
UG-MB,1573-65033,6061,2005,4/4/2005,6/11/2014,,N,F,2,3355
UG-MB,1573-65033,6061,2005,4/4/2005,6/11/2014,,N,F,2,3355
U-FOC,1513-50882,6062,2002,5/2/2002,2/13/2013,,Y,F,2,3940
UC-WL,1063-43494,6063,2006,4/3/2006,8/10/2006,3,Y,F,2,129
UC-WL,1063-43494,6063,2006,4/3/2006,8/10/2006,3,Y,F,2,129
U-BGC,1513-50689,6064,2004,5/2/2004,9/13/2004,4,Y,F,2,134
U-BGC,1513-50689,6064,2004,5/2/2004,9/13/2004,4,Y,F,2,134
U-BGC,1513-50689,6064,2004,5/2/2004,9/13/2004,4,Y,F,2,134
U-BGC,1513-50689,6064,2004,5/2/2004,9/13/2004,4,Y,F,2,134
U-BGC,1513-50689,6064,2004,5/2/2004,9/13/2004,4,Y,F,2,134
U-BGC,1513-50689,6064,2004,5/2/2004,9/13/2004,4,Y,F,2,134
U-BGC,1513-50689,6064,2004,5/2/2004,9/13/2004,4,Y,F,2,134
OCL-I,1603-16522,6065,2008,3/24/2008,8/18/2008,3,Y,F,2,147
OCL-I,1603-16522,6065,2008,3/24/2008,8/18/2008,3,Y,F,2,147
OCF-I,1603-16526,6066,2008,4/1/2008,8/18/2008,3,Y,F,2,139
OCF-I,1603-16526,6066,2008,4/1/2008,8/18/2008,3,Y,F,2,139
OCF-I,1603-16526,6066,2008,4/1/2008,8/18/2008,3,Y,F,2,139
LCB-I,1603-16512,6067,2008,3/29/2008,7/17/2009,3,Y,F,2,475
LCB-I,1603-16512,6067,2008,3/29/2008,7/17/2009,3,Y,F,2,475
CF-OI,1573-66632,6069,2008,3/21/2008,6/16/2008,4,Y,F,2,87
SWALf,9999-99952,6116,1987,2/1/1987,11/15/1987,2,N,F,2,287
SWALf,9999-99952,6116,1987,2/1/1987,11/15/1987,2,N,F,2,287
POLAf,9999-99947,6121,1984,3/28/1984,9/15/1984,2,N,F,2,171
POLAf,9999-99947,6121,1984,3/28/1984,9/15/1984,2,N,F,2,171
YP-Q,1603-51857,6202,2011,4/1/2011,1/18/2012,2,Y,F,2,292
YP-Q,1603-51857,6202,2011,4/1/2011,1/18/2012,2,Y,F,2,292
OH-Q,1713-13301,6215,2011,4/2/2011,4/16/2013,2,Y,F,2,745
LR-Q,1603-51889,6226,2011,5/13/2011,7/20/2011,2,Y,F,2,68
I-YCO,1603-17143,6288,2010,4/3/2010,11/14/2012,4,Y,F,2,956
I-CWB,1603-51076,6295,2011,3/14/2011,8/12/2013,3,Y,F,2,882
I-CWB,1603-51076,6295,2011,3/14/2011,8/12/2013,3,Y,F,2,882
I-CHY,1603-51602,6296,2010,4/27/2010,6/17/2015,2,Y,F,2,1877
I-CAW,1603-51639,6297,2010,4/28/2010,6/17/2015,2,Y,F,2,1876
I-CAW,1603-51639,6297,2010,4/28/2010,6/17/2015,2,Y,F,2,1876
H-NG,1713-13334,6310,2010,4/2/2010,5/13/2013,2,N,F,2,1137
H-NG,1713-13334,6310,2010,4/2/2010,5/13/2013,2,N,F,2,1137
W-NA,1713-13331,6312,2010,3/29/2010,12/14/2011,,N,F,2,625
GW-Q,1713-13328,6317,2011,3/19/2011,6/17/2015,2,Y,F,2,1551
GW-Q,1713-13328,6317,2011,3/19/2011,6/17/2015,2,Y,F,2,1551
GW-Q,1713-13328,6317,2011,3/19/2011,6/17/2015,2,Y,F,2,1551
R-NO,1713-13335,6318,2010,4/11/2010,1/18/2012,2,N,F,2,647
R-NO,1713-13335,6318,2010,4/11/2010,1/18/2012,2,N,F,2,647
GR-Q,1713-13329,6319,2010,4/23/2010,8/13/2014,1,Y,F,2,1573
GR-Q,1713-13329,6319,2010,4/23/2010,8/13/2014,1,Y,F,2,1573
GR-Q,1713-13329,6319,2010,4/23/2010,8/13/2014,1,Y,F,2,1573
HP-Q,1713-13332,6321,2011,3/21/2011,6/17/2015,2,Y,F,2,1549
HP-Q,1713-13332,6321,2011,3/21/2011,6/17/2015,2,Y,F,2,1549
HP-Q,1713-13332,6321,2011,3/21/2011,6/17/2015,2,Y,F,2,1549
P-NR,1713-13941,6336,2010,4/11/2010,11/14/2012,2,N,F,2,948
IW-MR,1603-51680,6338,2011,3/23/2011,7/18/2012,3,Y,F,2,483
-WRQ,1713-13341,6342,2013,3/28/2013,6/17/2015,3,Y,F,2,811
-YGQ,1713-13367,6368,2011,3/27/2011,7/18/2012,1,Y,F,2,479
-YGQ,1713-13367,6368,2011,3/27/2011,7/18/2012,1,Y,F,2,479
-BGQ,1713-13373,6374,2013,2/26/2013,2/12/2014,3,Y,F,2,351
-BGQ,1713-13373,6374,2013,2/26/2013,2/12/2014,3,Y,F,2,351
-BGQ,1713-13373,6374,2013,2/26/2013,2/12/2014,3,Y,F,2,351
-BGQ,1713-13373,6374,2013,2/26/2013,2/12/2014,3,Y,F,2,351
-PYQ,1713-13382,6383,2014,4/2/2014,6/17/2015,4,Y,F,2,441
-PYQ,1713-13382,6383,2014,4/2/2014,6/17/2015,4,Y,F,2,441
-OOQ,1713-13396,6398,2013,3/16/2013,6/17/2015,3,Y,F,2,823
-OOQ,1713-13396,6398,2013,3/16/2013,6/17/2015,3,Y,F,2,823
-LYQ,1713-13604,6406,2014,3/20/2014,6/17/2015,4,Y,F,2,454
-HWQ,1713-13608,6410,2013,4/1/2013,6/17/2015,3,Y,F,2,807
-HWQ,1713-13608,6410,2013,4/1/2013,6/17/2015,3,Y,F,2,807
-HWQ,1713-13608,6410,2013,4/1/2013,6/17/2015,3,Y,F,2,807
-HRQ,1713-13609,6411,2013,5/3/2013,6/17/2015,3,Y,F,2,775
-HGQ,1713-13610,6412,2013,4/4/2013,6/17/2015,3,Y,F,2,804
-LLQ,1713-13626,6435,2014,3/16/2014,6/17/2015,4,Y,F,2,458
-LLQ,1713-13626,6435,2014,3/16/2014,6/17/2015,4,Y,F,2,458
-ALQ,1713-13653,6455,2012,4/20/2012,4/16/2013,2,Y,F,2,361
-YLQ,1713-13672,6476,2013,4/24/2013,3/11/2015,3,Y,F,2,686
-YLQ,1713-13672,6476,2013,4/24/2013,3/11/2015,3,Y,F,2,686
-OWQ,1713-13673,6477,2011,4/7/2011,8/13/2014,1,Y,F,2,1224
-OWQ,1713-13673,6477,2011,4/7/2011,8/13/2014,1,Y,F,2,1224
-OWQ,1713-13673,6477,2011,4/7/2011,8/13/2014,1,Y,F,2,1224
-OYQ,1713-13676,6480,2013,3/25/2013,10/16/2013,3,Y,F,2,205
-PLQ,1713-13680,6484,2011,4/13/2011,6/17/2015,1,Y,F,2,1526
WG-Q,1713-13691,6496,2011,3/20/2011,5/11/2011,2,N,F,2,52
WG-Q,1713-13691,6496,2011,3/20/2011,5/11/2011,2,N,F,2,52
G-NH,1603-51823,6517,2010,4/23/2010,6/17/2015,3,N,F,2,1881
B-NR,1713-13912,6525,2011,3/20/2011,6/15/2011,,N,F,2,87
-GPQ,1713-13920,6533,2013,3/17/2013,8/13/2014,3,Y,F,2,514
-GPQ,1713-13920,6533,2013,3/17/2013,8/13/2014,3,Y,F,2,514
-GPQ,1713-13920,6533,2013,3/17/2013,8/13/2014,3,Y,F,2,514
-AYQ,1713-13926,6539,2013,3/29/2013,5/13/2015,3,Y,F,2,775
-AYQ,1713-13926,6539,2013,3/29/2013,5/13/2015,3,Y,F,2,775
G-NO,1713-13940,6553,2010,4/14/2010,8/17/2011,,N,F,2,490
P-NP,1713-49247,6560,2011,3/11/2011,6/17/2015,2,Y,F,2,1559
H-NP,1713-13946,6571,2011,3/30/2011,6/17/2015,1,Y,F,2,1540
H-NP,1713-13946,6571,2011,3/30/2011,6/17/2015,1,Y,F,2,1540
-WOQ,1713-13947,6576,2011,4/3/2011,1/18/2012,1,Y,F,2,290
-POQ,1713-13948,6577,2015,5/15/2015,6/17/2015,5,Y,F,2,33
-RPQ,1713-13949,6578,2013,3/25/2013,6/17/2015,3,Y,F,2,814
-RPQ,1713-13949,6578,2013,3/25/2013,6/17/2015,3,Y,F,2,814
-RPQ,1713-13949,6578,2013,3/25/2013,6/17/2015,3,Y,F,2,814
PY-KS,1603-51960,6579,2011,4/2/2011,6/17/2015,2,Y,F,2,1537
PY-KS,1603-51960,6579,2011,4/2/2011,6/17/2015,2,Y,F,2,1537
WRQ-,1713-13952,6587,2013,4/1/2013,6/17/2015,2,Y,F,2,807
WRQ-,1713-13952,6587,2013,4/1/2013,6/17/2015,2,Y,F,2,807
L-NY,1713-49321,6603,2011,5/7/2011,3/13/2013,1,N,F,2,676
L-NY,1713-49321,6603,2011,5/7/2011,3/13/2013,1,N,F,2,676
OWQ-,1713-13981,6617,2013,4/16/2013,3/11/2015,2,Y,F,2,694
OWQ-,1713-13981,6617,2013,4/16/2013,3/11/2015,2,Y,F,2,694
OWQ-,1713-13981,6617,2013,4/16/2013,3/11/2015,2,Y,F,2,694
YYQ-,1713-13994,6630,2013,4/18/2013,6/17/2015,2,Y,F,2,790
GOQ-,1713-13997,6633,2013,4/8/2013,6/17/2015,2,Y,F,2,800
GOQ-,1713-13997,6633,2013,4/8/2013,6/17/2015,2,Y,F,2,800
O-NP,1713-49325,6639,2011,4/14/2011,10/15/2014,1,N,F,2,1280
HRQ-,1713-49026,6664,2013,3/25/2013,6/17/2015,2,Y,F,2,814
OGQ-,1713-49037,6676,2015,4/17/2015,6/17/2015,4,Y,F,2,61
BOQ-,1713-49074,6713,2013,5/2/2013,6/17/2015,2,Y,F,2,776
GLQ-,1713-49075,6714,2013,3/25/2013,6/17/2015,2,Y,F,2,814
GLQ-,1713-49075,6714,2013,3/25/2013,6/17/2015,2,Y,F,2,814
GLQ-,1713-49075,6714,2013,3/25/2013,6/17/2015,2,Y,F,2,814
HPQ-,1713-49085,6724,2013,3/28/2013,5/13/2013,2,Y,F,2,46
HPQ-,1713-49085,6724,2013,3/28/2013,5/13/2013,2,Y,F,2,46
BLQ-,1713-49227,6766,2014,5/13/2014,6/17/2015,3,Y,F,2,400
BLQ-,1713-49227,6766,2014,5/13/2014,6/17/2015,3,Y,F,2,400
LHQ-,1713-49231,6770,2013,4/22/2013,5/13/2015,2,Y,F,2,751
LHQ-,1713-49231,6770,2013,4/22/2013,5/13/2015,2,Y,F,2,751
WBQ-H,1713-49257,6795,2013,3/20/2013,7/21/2014,2,Y,F,2,488
WBQ-H,1713-49257,6795,2013,3/20/2013,7/21/2014,2,Y,F,2,488
WBQ-H,1713-49257,6795,2013,3/20/2013,7/21/2014,2,Y,F,2,488
WBQ-H,1713-49257,6795,2013,3/20/2013,7/21/2014,2,Y,F,2,488
I-LLQ,1713-13297,6798,2012,4/7/2012,3/12/2014,2,Y,F,2,704
I-LLQ,1713-13297,6798,2012,4/7/2012,3/12/2014,2,Y,F,2,704
BRQ-H,1713-49265,6804,2013,4/30/2013,7/17/2013,2,Y,F,2,78
BRQ-H,1713-49265,6804,2013,4/30/2013,7/17/2013,2,Y,F,2,78
RLQ-H,1713-49272,6811,2013,4/30/2013,8/13/2014,2,Y,F,2,470
RLQ-H,1713-49272,6811,2013,4/30/2013,8/13/2014,2,Y,F,2,470
RLQ-H,1713-49272,6811,2013,4/30/2013,8/13/2014,2,Y,F,2,470
GHQ-,1713-49283,6822,2015,3/27/2015,6/17/2015,4,Y,F,2,82
GHQ-,1713-49283,6822,2015,3/27/2015,6/17/2015,4,Y,F,2,82
GHQ-,1713-49283,6822,2015,3/27/2015,6/17/2015,4,Y,F,2,82
POQ-H,1713-49303,6842,2013,4/17/2013,8/12/2013,2,Y,F,2,117
BOQ-H,1713-49307,6846,2013,5/1/2013,6/17/2015,2,Y,F,2,777
B=NH,1713-49322,6849,2012,2/14/2012,9/17/2014,2,N,F,2,946
H-NY,1713-49320,6874,2013,3/27/2013,6/17/2015,3,N,F,2,812
H-NY,1713-49320,6874,2013,3/27/2013,6/17/2015,3,N,F,2,812
H-NY,1713-49320,6874,2013,3/27/2013,6/17/2015,3,N,F,2,812
H-NY,1713-49320,6874,2013,3/27/2013,6/17/2015,3,N,F,2,812
H=NB,1713-49324,6880,2013,3/26/2013,4/16/2013,2,Y,F,2,21
O-NG,1713-49326,6882,2012,4/8/2012,3/13/2013,2,N,F,2,339
O-NG,1713-49326,6882,2012,4/8/2012,3/13/2013,2,N,F,2,339
B-NP,1713-49327,6885,2012,3/26/2012,6/17/2015,,N,F,2,1178
B-NP,1713-49327,6885,2012,3/26/2012,6/17/2015,,N,F,2,1178
H=NP,1713-49328,6891,2013,3/30/2013,6/17/2015,3,N,F,2,809
H=NP,1713-49328,6891,2013,3/30/2013,6/17/2015,3,N,F,2,809
GPQ-I,1713-13795,6892,2013,3/23/2013,6/17/2015,2,Y,F,2,816
GPQ-I,1713-13795,6892,2013,3/23/2013,6/17/2015,2,Y,F,2,816
GQ-G,1713-49353,6915,2015,4/15/2015,6/17/2015,3,Y,F,2,63
GQ-G,1713-49353,6915,2015,4/15/2015,6/17/2015,3,Y,F,2,63
RQ-G,1713-49367,6929,2013,4/9/2013,6/17/2015,1,Y,F,2,799
RQ-G,1713-49367,6929,2013,4/9/2013,6/17/2015,1,Y,F,2,799
A-NO,1713-49701,6958,2013,4/1/2013,6/17/2015,,N,F,2,807
A-NO,1713-49701,6958,2013,4/1/2013,6/17/2015,,N,F,2,807
G-NY,1713-49400,6960,2014,3/24/2014,6/17/2015,,N,F,2,450
P-NL,1713-49703,6961,2013,4/17/2013,9/18/2013,,N,F,2,154
A-NY,1713-89768,6965,2013,5/5/2013,6/17/2015,1,N,F,2,773
R-NY,1713-49702,6967,2014,3/25/2014,6/17/2015,,N,F,2,449
R-NY,1713-49702,6967,2014,3/25/2014,6/17/2015,,N,F,2,449
R-NY,1713-49702,6967,2014,3/25/2014,6/17/2015,,N,F,2,449
O-NO,1573-66091,6969,2013,4/10/2013,6/17/2015,,N,F,2,798
O-NO,1573-66091,6969,2013,4/10/2013,6/17/2015,,N,F,2,798
O-NO,1573-66091,6969,2013,4/10/2013,6/17/2015,,N,F,2,798
H-NO,1713-49704,6970,2014,3/28/2014,6/17/2015,3,N,F,2,446
H-NO,1713-49704,6970,2014,3/28/2014,6/17/2015,3,N,F,2,446
H-NO,1713-49704,6970,2014,3/28/2014,6/17/2015,3,N,F,2,446
B-NY,1573-66077,6972,2013,3/27/2013,6/17/2015,1,N,F,2,812
B-NY,1573-66077,6972,2013,3/27/2013,6/17/2015,1,N,F,2,812
O-QH,1573-66067,6973,2013,4/1/2013,6/17/2015,1,N,F,2,807
O-QH,1573-66067,6973,2013,4/1/2013,6/17/2015,1,N,F,2,807
Q-WL,1713-49718,6986,2015,4/9/2015,6/17/2015,2,Y,F,2,69
Q-WL,1713-49718,6986,2015,4/9/2015,6/17/2015,2,Y,F,2,69
Q-BG,1713-49747,7015,2015,3/30/2015,6/17/2015,2,Y,F,2,79
Q-BG,1713-49747,7015,2015,3/30/2015,6/17/2015,2,Y,F,2,79
I-LHQ,1713-13254,7024,2013,5/6/2013,4/15/2015,2,Y,F,2,709
I-LHQ,1713-13254,7024,2013,5/6/2013,4/15/2015,2,Y,F,2,709
Q-GL,1713-49756,7025,2015,3/23/2015,6/17/2015,2,Y,F,2,86
Q-GL,1713-49756,7025,2015,3/23/2015,6/17/2015,2,Y,F,2,86
Q-GL,1713-49756,7025,2015,3/23/2015,6/17/2015,2,Y,F,2,86
Q-GY,1713-49767,7036,2014,5/2/2014,2/11/2015,1,Y,F,2,285
Q-GY,1713-49767,7036,2014,5/2/2014,2/11/2015,1,Y,F,2,285
Q-GP,1713-49769,7038,2015,4/1/2015,6/17/2015,2,Y,F,2,77
Q-GP,1713-49769,7038,2015,4/1/2015,6/17/2015,2,Y,F,2,77
Q-GP,1713-49769,7038,2015,4/1/2015,6/17/2015,2,Y,F,2,77
Q-YO,1513-50086,7098,2015,3/28/2015,6/17/2015,2,Y,F,2,81
Q-YO,1513-50086,7098,2015,3/28/2015,6/17/2015,2,Y,F,2,81
Q-PP,1513-50082,7101,2015,4/22/2015,5/13/2015,2,Y,F,2,21
Q-OR,1573-66057,7115,2015,4/28/2015,6/17/2015,2,Y,F,2,50
Q-OR,1573-66057,7115,2015,4/28/2015,6/17/2015,2,Y,F,2,50
AOQ-I,1713-49155,7136,2014,3/17/2014,6/17/2015,3,Y,F,2,457
L-NP,1713-89753,7153,2015,4/7/2015,6/17/2015,2,N,F,2,71
L-NP,1713-89753,7153,2015,4/7/2015,6/17/2015,2,N,F,2,71
L-NP,1713-89753,7153,2015,4/7/2015,6/17/2015,2,N,F,2,71
L-NP,1713-89753,7153,2015,4/7/2015,6/17/2015,2,N,F,2,71
O-NR,1573-66090,7156,2015,4/5/2015,6/17/2015,3,N,F,2,73
GQ-H,1713-49522,7157,2015,3/19/2015,6/17/2015,3,Y,F,2,90
B-NA,1713-89759,7258,2015,3/21/2015,6/17/2015,2,N,F,2,88
B-NA,1713-89759,7258,2015,3/21/2015,6/17/2015,2,N,F,2,88
Y-NR,1713-89764,7327,2015,3/23/2015,6/17/2015,2,N,F,2,86
Y-NR,1713-89764,7327,2015,3/23/2015,6/17/2015,2,N,F,2,86
Y-NR,1713-89764,7327,2015,3/23/2015,6/17/2015,2,N,F,2,86
OQ-YI,1713-49505,7328,2015,3/22/2015,6/17/2015,3,N,F,2,87
OQ-YI,1713-49505,7328,2015,3/22/2015,6/17/2015,3,N,F,2,87
OQ-YI,1713-49505,7328,2015,3/22/2015,6/17/2015,3,N,F,2,87
QR-H,1713-89487,7337,2015,4/18/2015,6/17/2015,1,Y,F,2,60
nQ-P,1713-49519,7345,2015,4/7/2015,6/17/2015,3,Y,F,2,71
nQ-P,1713-49519,7345,2015,4/7/2015,6/17/2015,3,Y,F,2,71
nQ-P,1713-49519,7345,2015,4/7/2015,6/17/2015,3,Y,F,2,71
